CODE,NAME,GEOM_MEAN,CAS,MW,LC50,LGP,MLOGP,REMARKS,SMILES,MIXINDEX,TOXINDEX,FATS,BEHAVIOR,LC50RATIO,MOA,MOA_NUM
5.00,4-(HEXYLOXY)-M-ANISALDEHYDE,2.67000,61096842,263.31,2.67000,3.99,,,c1cc(C=O)cc(OC)c1OCCCCCC,0,1.6,,,**,REACTIVE_4,7.40
5.00,5-BROMO-2-NITROVANILLIN,73.30000,98434345,276.04,73.30000,1.88,M,,c1(OC)c(N(=O)=O)c(C=O)cc(Br)c1O,0,3.6,,,1.00*,REACTIVE_4,7.40
8.10,DI-N-OCTYLISOPHTHALATE,0.00000,4654186,390.56,-99.00000,9.76,,NO MORT. AT SAT. 113 UG/L,CCCCCCCCOC(=O)c1cccc(C(=O)OCCCCCCCC)c1,0,0.0,,,NT,EMPTY,0.00
3.10,P-CHLOROPHENYL-O-NITROPHENYL ETHER,1.92000,39145476,249.65,1.92000,4.79,,,c1cc(Cl)ccc1Oc2c(N(=O)=O)cccc2,0,1.4,,TYPE I,2.0,NARCOSIS_I_2,1.20
10.40,3'-CHLORO-O-FORMOTOLUIDIDE,46.60000,71862027,169.61,46.60000,2.27,,,Cc1c(NC=O)cccc1Cl,0,5.0,,,1.02,NARCOSIS_I_3,1.30
8.10,DI-n-BUTYLISOPHTHALATE,0.90000,3126907,278.35,0.90000,5.53,,,CCCCOC(=O)c1cccc(C(=O)OCCCC)c1,0,2.9,,TYPE I,1.07*,NARCOSIS_I_2,1.20
4.20,"1,1-DIPHENYL-2-PROPYN-1-OL",11.10000,3923522,208.26,11.10000,2.71,,,C(c1ccccc1)(c2ccccc2)(O)C#C,0,3.1,,TYPE I,1.00,NARCOSIS_I_2,1.20
12.10,"4,7-DITHIADECANE",7.52000,22037974,178.35,7.52000,3.52,,,CCCSCCSCCC,0,0.8,,TYPE I,1.09#,NARCOSIS_I_2,1.20
8.10,DI-N-OCTYLTEREPHTHALATE,0.00000,4654266,390.56,-99.00000,9.76,,NO MORT. AT SAT. 91 UG/L,CCCCCCCCOC(=O)c1ccc(C(=O)OCCCCCCCC)cc1,0,0.0,,,NT,EMPTY,0.00
8.10,"a,w-BUTYLENE DI-[O-(4-HYDROXYBUTOXYCARBONYL)-BENZOATE]",0.00000,117932737,530.60,-99.00000,2.60,,2/10 MORT. AT 109 MG/L,OCCCCOC(=O)c1ccccc1C(=O)OCCCCOC(=O)c2ccccc2C(=O)OCCCCO,0,0.0,,,NT,EMPTY,0.00
12.10,"4,9-DITHIADODECANE",2.99000,56348391,206.41,2.99000,4.16,,,CCCSCCCCSCCC,0,1.1,,TYPE III,1.26,MIXED,81.34
19.00,TRIS(5-METHYL-2-NITROPHENYL) PHOSPHATE,0.00000,201742269,503.38,-99.00000,6.34,,NO MORTALITIES AT SAT. 2.55 MG/L,c1(N(=O)=O)ccc(C)cc1OP(=O)(Oc2c(N(=O)=O)ccc(C)c2)Oc3c(N(=O)=O)ccc(C)c3,0,0.0,,,NT,EMPTY,0.00
19.00,TRIS(M-NITROPHENYL)PHOSPHINE OXIDE,0.00000,31638898,413.28,-99.00000,2.12,,NO MORTALITIES AT SAT. 0.39 MG/L,c1c(N(=O)=O)cccc1P(=O)(c2cc(N(=O)=O)ccc2)c3cc(N(=O)=O)ccc3,0,0.0,,,NT,EMPTY,0.00
21.00,2-CHLOROETHYL-N-CYCLOHEXYL CARBAMATE,35.00000,31502575,205.68,35.00000,2.46,,,ClCCOC(=O)NC1CCCCC1,0,1.6,,TYPE II,1.23*,REACTIVE_3,7.30
23.00,PHENOBARBITAL,484.00000,50066,232.26,484.00000,1.47,M,,N1C(=O)C(c2ccccc2)(CC)C(=O)NC1=O,0,1.1,,TYPE I,1.05,NEURODEP_1,9.10
14.00,"2,4-DINITROPHENOL #5",10.90000,51285,184.11,10.50000,1.54,M,,Oc1c(N(=O)=O)cc(N(=O)=O)cc1,3,35.3,UNC,TYPE II,1.02,UNCOUPLER_1,3.10
14.00,"2,4-DINITROPHENOL #6",10.90000,51285,184.11,11.00000,1.54,M,,Oc1c(N(=O)=O)cc(N(=O)=O)cc1,3,33.7,UNC,TYPE II,1.31,UNCOUPLER_1,3.10
14.00,"2,4-DINITROPHENOL #7",10.90000,51285,184.11,11.00000,1.54,M,,Oc1c(N(=O)=O)cc(N(=O)=O)cc1,3,33.7,UNC,TYPE II,1.34,UNCOUPLER_1,3.10
14.00,"2,4-DINITROPHENOL #2",10.90000,51285,184.11,10.60000,1.54,M,,Oc1c(N(=O)=O)cc(N(=O)=O)cc1,3,34.9,UNC,TYPE II,1.00,UNCOUPLER_1,3.10
14.00,"2,4-DINITROPHENOL #4",10.90000,51285,184.11,10.60000,1.54,M,,Oc1c(N(=O)=O)cc(N(=O)=O)cc1,3,35.0,UNC,TYPE II,1.00,UNCOUPLER_1,3.10
14.00,"2,4-DINITROPHENOL #1",10.90000,51285,184.11,19.40000,1.54,M,,Oc1c(N(=O)=O)cc(N(=O)=O)cc1,3,19.1,UNC,TYPE II,1.31,UNCOUPLER_1,3.10
14.00,"2,4-DINITROPHENOL #3",10.90000,51285,184.11,6.58000,1.54,M,,Oc1c(N(=O)=O)cc(N(=O)=O)cc1,3,56.3,UNC,TYPE II,1.02,UNCOUPLER_1,3.10
14.00,"2,4-DINITROPHENOL #9",10.90000,51285,184.11,13.30000,1.54,M,,Oc1c(N(=O)=O)cc(N(=O)=O)cc1,3,27.8,UNC,TYPE II,1.03,UNCOUPLER_1,3.10
14.00,"2,4-DINITROPHENOL #8",10.90000,51285,184.11,8.15000,1.54,M,,Oc1c(N(=O)=O)cc(N(=O)=O)cc1,3,45.4,UNC,TYPE II,1.07,UNCOUPLER_1,3.10
14.00,"2,4-DINITROPHENOL #10",10.90000,51285,184.11,11.90000,1.54,M,,Oc1c(N(=O)=O)cc(N(=O)=O)cc1,3,31.1,UNC,TYPE II,1.19,UNCOUPLER_1,3.10
21.00,URETHANE,5240.00000,51796,89.09,5240.00000,-0.15,M,,O=C(N)OCC,0,1.4,,TYPE I,1.04,NARCOSIS_I_2,1.20
7.00,SALICYLIC ACID NA+ #2,1720.00000,54217,160.11,2160.00000,2.26,M,,c1(O)ccccc1C(=O)O,0,0.1,,TYPE II,1.15*,UNSURE,0.00
7.00,SALICYLIC ACID NA+ #1,1720.00000,54217,160.11,1370.00000,2.26,M,,c1(O)ccccc1C(=O)O,0,0.1,,TYPE II,1.15,UNSURE,0.00
8.20,BENZAMIDE,661.00000,55210,121.14,661.00000,0.64,M,,c1ccccc1C(=O)N,0,2.6,,,1.07,NARCOSIS_I_3,1.30
20.00,BENZYLTRIETHYLAMMONIUM CHLORIDE,161.00000,56371,227.78,161.00000,-99.99,,,c1ccccc1CN{+1}(.Cl{-1})(CC)(CC)CC,0,0.0,,TYPE I,1.65,UNSURE,0.00
11.10,"1,1-DIMETHYLHYDRAZINE",7.85000,57147,60.10,7.85000,-1.50,,,NN(C)C,0,11100.0,,TYPE II,1.6*,REACTIVE_2,7.20
23.00,PENTOBARBITAL,49.50000,57330,248.29,49.50000,2.10,M,,N1C(=O)C(CC)(C(C)CCC)C(=O)NC1=O,0,3.0,,TYPE I,1.03,NEURODEP_1,9.10
23.00,AMOBARBITAL,85.40000,57432,226.31,85.40000,2.07,M,,N1C(=O)C(CC)(CCC(C)C)C(=O)NC1=O,0,1.7,,TYPE I,1.09,NEURODEP_1,9.10
23.10,CAFFEINE,151.00000,58082,194.22,151.00000,-0.07,M,,CN1C(=O)N(C)C(=O)C2=C1N=CN2C,0,84.1,,TYPE III,1.17,NEUROTOX_1,8.10
6.20,"2-METHYL-1,4-NAPHTHOQUINONE",0.11000,58275,172.18,0.11000,2.20,M,,c1cccc2C(=O)C(C)=CC(=O)c12,0,762.0,,TYPE II,1.15,REACTIVE_2,7.20
14.10,"2,3,4,6-TETRACHLOROPHENOL",1.03000,58902,231.89,1.03000,4.45,M,,Oc1c(Cl)c(Cl)c(Cl)cc1Cl,0,3.0,,TYPE II,1.08,NARCOSIS_I_3,1.30
14.10,4-CHLORO-3-METHYL PHENOL #1,5.47000,59507,142.59,7.38000,3.10,M,,Oc1cc(C)c(Cl)cc1,2,1.5,,TYPE II,2.67,NARCOSIS_II_1,2.10
14.10,4-CHLORO-3-METHYL PHENOL #2,5.47000,59507,142.59,4.05000,3.10,M,,Oc1cc(C)c(Cl)cc1,2,2.7,,TYPE II,1.76,NARCOSIS_II_1,2.10
15.50,TOLAZOLINE HYDROCHLORIDE,354.00000,59972,196.68,354.00000,2.65,M,,c1ccccc1CC2=NCCN2,0,0.1,,TYPE I,1.44,NARCOSIS_I_2,1.20
23.10,AMPHETAMINE SULFATE,28.80000,60139,368.54,28.80000,1.76,M,,c1ccccc1CC(N)C,0,16.0,,TYPE III,1.54,NEUROTOX_1,8.10
3.00,DIETHYL ETHER,2560.00000,60297,74.12,2560.00000,0.89,M,,O(CC)CC,0,0.2,,TYPE I,1.1,NARCOSIS_I_2,1.20
22.00,STRYCHNINE HEMISULPHATE SALT,1.11000,60413,383.50,1.11000,1.93,M,,O=C5CC3OCC=C2CN1CCC46C1CC2C3C4N5c7ccccc67,0,234.0,,TYPE III,1.29,NEUROTOX_1,8.10
10.30,ANILINE #1,105.00000,62533,93.13,134.00000,0.90,M,,Nc1ccccc1,2,5.6,N-2,TYPE II,1.67,NARCOSIS_II_1,2.10
10.30,ANILINE #3,105.00000,62533,93.13,114.00000,0.90,M,,Nc1ccccc1,2,6.6,N-2,TYPE II,1.00#,NARCOSIS_II_1,2.10
10.30,ANILINE #2,105.00000,62533,93.13,75.50000,0.90,M,,Nc1ccccc1,2,9.9,N-2,TYPE II,1.95,NARCOSIS_II_1,2.10
21.00,CARBARYL (SEVIN) #2,8.75000,63252,201.23,8.93000,2.36,M,,CNC(=O)Oc1cccc2ccccc12,0,7.8,ACH,TYPE III,1.19,ACHE_1,5.10
21.00,CARBARYL (SEVIN) #3,8.75000,63252,201.23,10.40000,2.36,M,,CNC(=O)Oc1cccc2ccccc12,0,6.7,ACH,TYPE III,1.14*,ACHE_1,5.10
21.00,CARBARYL (SEVIN) #4,8.75000,63252,201.23,9.47000,2.36,M,,CNC(=O)Oc1cccc2ccccc12,0,7.4,ACH,TYPE III,1.43,ACHE_1,5.10
21.00,CARBARYL (SEVIN) #1,8.75000,63252,201.23,6.67000,2.36,M,,CNC(=O)Oc1cccc2ccccc12,0,10.5,ACH,TYPE III,2.02,ACHE_1,5.10
4.00,ETHANOL,14700.00000,64175,46.07,14200.00000,-0.31,M,,CCO,0,0.4,,,1.08,NARCOSIS_I_2,1.20
4.00,ETHANOL-RHODAMINE B,14700.00000,64175,46.07,15300.00000,-0.31,M,,CCO,0,0.3,,,1.04,NARCOSIS_I_2,1.20
23.10,NICOTINE SULFATE #1,13.80000,65305,418.56,12.20000,1.17,M,,c1ncccc1C2CCCN2C,0,153.0,,TYPE III,1.15,NEUROTOX_1,8.10
23.10,NICOTINE SULFATE #2,13.80000,65305,418.56,15.60000,1.17,M,,c1ncccc1C2CCCN2C,0,120.0,,TYPE III,1.00,NEUROTOX_1,8.10
8.20,2-HYDROXYBENZAMIDE,101.00000,65452,137.14,101.00000,1.28,M,,c1(O)ccccc1C(=O)N,0,480.0,,,1.46,NARCOSIS_I_4,1.40
15.20,URACIL,0.00000,66228,112.09,-99.00000,-1.07,M,NO MORTALITIES AT SAT. 2560 MG/L,N1C(=O)NC=CC1=O,0,0.0,,,NT,EMPTY,0.00
5.00,HEXANAL #2,17.50000,66251,100.16,14.00000,1.78,M,,CCCCCC=O,0,8.6,,TYPE II,1.97,REACTIVE_2,7.20
5.00,HEXANAL #1,17.50000,66251,100.16,22.00000,1.78,M,,CCCCCC=O,0,5.4,,TYPE II,1.27*,REACTIVE_2,7.20
8.00,DICUMAROL,5.11000,66762,336.30,5.11000,1.56,,,O=C1Oc2ccccc2C(O)=C1CC3=C(O)c4ccccc4OC3=O,0,127.0,,TYPE I,1.14,UNSURE,0.00
5.00,P-PHENOXYBENZALDEHYDE,4.60000,67367,198.22,4.60000,3.96,,,c1(C=O)ccc(Oc2ccccc2)cc1,0,0.8,,,1.61,NARCOSIS_I_3,1.30
4.00,METHANOL-RHODAMINE B,29400.00000,67561,32.04,29400.00000,-0.77,M,,CO,0,0.3,,,1.01,NARCOSIS_I_2,1.20
4.00,2-PROPANOL #1,8680.00000,67630,60.10,9640.00000,0.05,M,,CC(O)C,0,0.3,,,1.06,NARCOSIS_I_2,1.20
4.00,2-PROPANOL #2,8680.00000,67630,60.10,10400.00000,0.05,M,,CC(O)C,0,0.3,,,1.02,NARCOSIS_I_2,1.20
4.00,2-PROPANOL #3,8680.00000,67630,60.10,6550.00000,0.05,M,,CC(O)C,0,0.5,,,1.00,NARCOSIS_I_2,1.20
6.00,ACETONE #1,7160.00000,67641,58.08,8120.00000,-0.24,M,,CC(=O)C,0,0.7,,,1.09,NARCOSIS_I_3,1.30
6.00,ACETONE #2,7160.00000,67641,58.08,7280.00000,-0.24,M,,CC(=O)C,0,0.8,,,1.30,NARCOSIS_I_3,1.30
6.00,ACETONE #3,7160.00000,67641,58.08,6210.00000,-0.24,M,,CC(=O)C,0,0.9,,,1.29,NARCOSIS_I_3,1.30
2.00,CHLOROFORM,70.70000,67663,119.38,70.70000,1.95,,,C(Cl)(Cl)(Cl),0,1.4,,TYPE III-EL,2.0,MIXED,81.34
12.30,METHYL SULFOXIDE,34000.00000,67685,78.13,34000.00000,-1.35,M,,CS(=O)C,0,2.6,,,1.00,NARCOSIS_I_3,1.30
2.00,HEXACHLOROETHANE #1,1.42000,67721,236.74,1.53000,4.14,M,,ClC(Cl)(Cl)C(Cl)(Cl)Cl,0,1.8,,,1.1,NARCOSIS_I_2,1.20
2.00,HEXACHLOROETHANE #2,1.42000,67721,236.74,1.32000,4.14,M,,ClC(Cl)(Cl)C(Cl)(Cl)Cl,0,2.0,,,1.1,NARCOSIS_I_2,1.20
14.10,"2,2'-METHYLENE BIS(3,4,6-TRICHLOROPHENOL)",0.02100,70304,406.91,0.02100,7.54,M,,Oc1c(Cl)cc(Cl)c(Cl)c1Cc2c(Cl)c(Cl)cc(Cl)c2O,0,178.0,,,1.24,REACTIVE_3,7.30
6.00,4'-AMINOPROPIOPHENONE,146.00000,70699,149.19,146.00000,1.43,,,c(cc(c1)C(=O)CC)c(c1)N,0,2.6,,TYPE I,1.06,NARCOSIS_I_2,1.20
4.00,1-PROPANOL#1,4550.00000,71238,60.10,4630.00000,0.25,M,,OCCC,0,0.4,,,1.09,NARCOSIS_I_2,1.20
4.00,1-PROPANOL#2,4550.00000,71238,60.10,4480.00000,0.25,M,,OCCC,0,0.4,,,1.06,NARCOSIS_I_2,1.20
4.00,1-BUTANOL,1730.00000,71363,74.12,1730.00000,0.88,M,,CCCCO,0,0.4,,,1.01,NARCOSIS_I_2,1.20
4.00,1-PENTANOL,472.00000,71410,88.15,472.00000,1.56,M,,CCCCCO,1,0.4,,TYPE I,1.02,NARCOSIS_I_1,1.10
13.00,BENZENE #2,17.50000,71432,78.11,24.60000,2.13,M,Nonmonitonical pattern of death,c1ccccc1,0,1.8,,TYPE II,1.2NM,MIXED,81.34
13.00,BENZENE #1,17.50000,71432,78.11,12.60000,2.13,M,,c1ccccc1,0,3.5,,TYPE II,1.55NM,MIXED,81.34
2.00,"1,1,1-TRICHLOROETHANE #1",47.30000,71556,133.41,52.90000,2.49,M,,ClC(Cl)(Cl)C,0,0.7,,TYPE II,1.0,NARCOSIS_I_2,1.20
2.00,"1,1,1-TRICHLOROETHANE #2",47.30000,71556,133.41,42.30000,2.49,M,,ClC(Cl)(Cl)C,0,0.8,,TYPE II,1.45,NARCOSIS_I_2,1.20
23.00,"THIOPENTAL,SODIUM SALT",26.20000,71738,264.32,26.20000,2.10,M,,N1C(=O)C(CC)(C(C)CCC)C(=O)NC1=S,0,6.1,,TYPE I,1.08,NEURODEP_1,9.10
9.00,ACETONITRILE,1644.00000,75058,41.05,1644.00000,-0.34,M,,CC#N,0,2.9,,,1.43,NARCOSIS_I_3,1.30
5.00,ETHANAL #1,33.80000,75070,44.06,30.80000,-0.22,,,CC=O,0,129.0,,,1.95,REACTIVE_3,7.30
5.00,ETHANAL #2,33.80000,75070,44.06,37.20000,-0.22,,,CC=O,0,108.0,,,1.55,REACTIVE_3,7.30
2.00,DICHLOROMETHANE,330.00000,75092,84.93,330.00000,1.25,M,,C(Cl)(Cl),0,1.0,,ID,1.0,NARCOSIS_I_2,1.20
2.00,IODOFORM,2.92000,75478,393.73,2.92000,3.54,,,IC(I)I,0,4.6,,TYPE III,1.7,MIXED,81.34
20.00,TETRAMETHYLAMMONIUM CHLORIDE(NOM. CONC.),462.00000,75570,109.60,462.00000,-99.99,,,CN{+1}(.Cl{-1})(C)(C)C,0,0.0,,TYPE III,1.26,UNSURE,0.00
4.00,2-METHYL-2-PROPANOL,6410.00000,75650,74.12,6410.00000,0.35,M,,CC(C)(O)C,0,0.3,,TYPE I,1.00,NARCOSIS_I_2,1.20
4.00,"2,2,2-TRIFLUOROETHANOL",119.00000,75898,100.04,119.00000,0.41,M,,C(F)(F)(F)CO,0,19.5,,TYPE II,1.37*,REACTIVE_3,7.30
6.00,"3,3-DIMETHYL-2-BUTANONE",87.00000,75978,100.16,87.00000,0.97,,,CC(=O)C(C)(C)C,0,7.9,,,1.77,NARCOSIS_I_3,1.30
2.00,PENTACHLOROETHANE,7.53000,76017,202.30,7.53000,3.63,,,C(Cl)(Cl)(Cl)C(Cl)(Cl),0,0.8,,,1.0,NARCOSIS_I_2,1.20
15.50,"5,5-DIMETHYLHYDANTOIN",16460.00000,77714,128.13,16460.00000,-0.65,,,CC1(C)NC(=O)NC1=O,0,1.8,,TYPE III,1.23,UNSURE,0.00
4.00,3-METHYL-3-PENTANOL,672.00000,77747,102.18,672.00000,1.53,,,CCC(O)(C)CC,0,0.3,,TYPE I,1.10,NARCOSIS_I_2,1.20
4.20,3-METHYL-1-PENTYN-3-OL,1220.00000,77758,98.15,1220.00000,0.86,,,C#CC(O)(C)CC,0,0.7,,TYPE II,1.02,NARCOSIS_I_2,1.20
4.20,1-ETHYNYL-CYCLOHEXANOL,256.00000,78273,124.18,256.00000,1.73,M,,C1CCCC(C#C)(O)C1,0,0.6,,TYPE I,1.12*,NARCOSIS_I_2,1.20
19.00,TRIS(2-BUTOXYETHYL) PHOSPHATE,11.20000,78513,398.48,11.20000,4.09,,,CCCCOCCOP(=O)(OCCOCCCC)OCCOCCCC,0,0.4,,TYPE II,1.03,NARCOSIS_I_3,1.30
4.00,2-METHYL-1-PROPANOL,1430.00000,78831,74.12,1430.00000,0.76,M,,OCC(C)C,1,0.6,,,1.00,NARCOSIS_I_1,1.10
2.00,"1,2-DICHLOROPROPANE",127.00000,78875,112.99,127.00000,1.99,,,ClCC(Cl)C,1,0.7,,,1.35,NARCOSIS_I_1,1.10
10.00,"1,2-DIAMINOPROPANE",1010.00000,78900,74.13,1010.00000,-0.91,,,NCC(N)C,2,29.6,,,3.18*,NARC_II_AMINE_1,22.10
4.00,2-BUTANOL,3670.00000,78922,74.12,3670.00000,0.61,M,,CC(O)CC,0,0.3,,TYPE I,1.07,NARCOSIS_I_2,1.20
6.00,2-BUTANONE,3220.00000,78933,72.11,3220.00000,0.29,M,,CCC(=O)C,0,0.7,,,1.02,NARCOSIS_I_3,1.30
4.00,1-AMINO-2-PROPANOL,2520.00000,78966,75.11,2520.00000,-0.96,M,,OC(C)CN,0,13.4,,,1.19*,UNSURE,0.00
2.00,"1,1,2-TRICHLOROETHANE",81.60000,79005,133.41,81.60000,2.05,,,ClC(Cl)CCl,1,1.1,,,1.3,NARCOSIS_I_1,1.10
2.10,TRICHLOROETHYLENE,44.10000,79016,131.39,44.10000,2.42,M,,ClC(Cl)=C(Cl),0,0.9,,,1.3,NARCOSIS_I_2,1.20
8.00,METHYL ACETATE #1,357.00000,79209,74.08,320.00000,0.18,M,,CC(=O)OC,1,8.8,,TYPE II-ID,1.25*,NARCO_ESTER_1,10.10
8.00,METHYL ACETATE #2,357.00000,79209,74.08,399.00000,0.18,M,,CC(=O)OC,1,7.1,,TYPE II-ID,1.41,NARCO_ESTER_1,10.10
2.00,"1,1,2,2-TETRACHLOROETHANE",20.30000,79345,167.85,20.30000,2.39,M,,ClC(Cl)C(Cl)Cl,0,1.6,,,1.1,NARCOSIS_I_2,1.20
6.00,B-IONONE,5.09000,79776,192.30,5.09000,3.96,,,C1(C)(C)CCCC(C)=C1C=CC(C)=O,0,0.7,,TYPE I,1.00*,NARCOSIS_I_2,1.20
14.10,"4,4'-ISOPROPYLIDENEBIS(2,6-DICHLOROPHENOL)",1.33000,79958,366.07,1.33000,6.44,,,Clc(c(O)c(Cl)c1)cc1C(c(cc(Cl)c2O)cc2Cl)(C)C,0,2.5,,TYPE II,1.21,NARCOSIS_I_3,1.30
14.00,P-TERT-PENTYLPHENOL,2.59000,80466,164.25,2.59000,3.98,,,CCC(C)(C)c1ccc(O)cc1,12,1.2,,,1.25,NARCO_I&II_1,12.10
10.00,"1,8-DIAMINO-P-MENTHANE",65.30000,80524,170.30,65.30000,1.23,,,C(CC(C1)C(N)(C)C)C(C1)(N)C,0,10.2,,TYPE II,1.08*,UNSURE_AMINE,0.00
13.10,"A,A-2,6-TETRACHLOROTOLUENE",0.97000,81196,229.90,0.97000,4.64,,,ClC(Cl)c1c(Cl)cccc1Cl,0,2.7,,,1.65,NARCOSIS_I_3,1.30
13.00,ACENAPHTHENE,1.73000,83329,154.21,1.73000,3.92,M,,c1ccc2cccc3c2c1CC3,0,1.8,,,1.06#,NARCOSIS_I_3,1.30
15.60,3-METHYLINDOLE,8.84000,83341,131.18,8.84000,2.79,,,c(ccc1C=2C)cc1NC2,0,2.1,,TYPE II,2.06,REACTIVE_2,7.20
22.00,ROTENONE #1,0.00520,83794,394.42,0.00450,4.10,M,,C=C(C)C1Oc2ccc3C(=O)C4c5cc(OC)c(OC)cc5OCC4Oc3c2C1,4,1430.0,RBK,TYPE II,1.20,BLOCK_1,6.10
22.00,ROTENONE #2,0.00520,83794,394.42,0.00600,4.10,M,,C=C(C)C1Oc2ccc3C(=O)C4c5cc(OC)c(OC)cc5OCC4Oc3c2C1,4,1078.0,RBK,TYPE II,1.10,BLOCK_1,6.10
15.20,(-)-RIBOFLAVIN,0.00000,83885,376.37,-99.00000,-99.99,,NO MORTALITIES AT SAT. 64.3 MG/L,O=C1NC(=O)C2=Nc3cc(C)c(C)cc3N(CC(O)C(O)C(O)CO)C2=N1,0,0.0,,,NT,EMPTY,0.00
8.10,DIPHENYL PHTHALATE,0.08000,84628,318.33,0.08000,4.53,,,c1ccccc1OC(=O)c2ccccc2C(=O)Oc3ccccc3,0,47.3,,TYPE I-EL,5.75,UNSURE,0.00
6.20,ANTHRAQUINONE,0.00000,84651,208.22,-99.00000,3.39,M,NO MORTALITIES AT SAT.  0.25 MG/L,c1cccc2C(=O)c3ccccc3C(=O)c12,0,0.0,,,NT,EMPTY,0.00
8.10,DIETHYL PHTHALATE,31.80000,84662,222.24,31.80000,2.47,M,,CCOC(=O)c1ccccc1C(=O)OCC,0,1.9,,,1.34,NARCOSIS_I_3,1.30
8.10,DI-N-BUTYLORTHOPHTHALATE #1,1.00000,84742,278.35,0.85000,4.72,M,,c(ccc1C(=O)OCCCC)cc1C(=O)OCCCC,0,3.6,,,1.48,NARCOSIS_I_3,1.30
8.10,DI-N-BUTYLORTHOPHTHALATE #2,1.00000,84742,278.35,1.10000,4.72,M,,c(ccc1C(=O)OCCCC)cc1C(=O)OCCCC,0,2.8,,,1.18,NARCOSIS_I_3,1.30
13.10,"2,3,4,5,6-PENTABROMOETHYLBENZENE",0.00000,85223,500.67,-99.00000,6.52,,NO MORTALITIES AT SAT. 20.0 UG/L,CCc1c(Br)c(Br)c(Br)c(Br)c1Br,0,0.0,,,NT,EMPTY,0.00
22.00,AZINPHOS-METHYL,0.06400,86500,317.33,0.06400,2.75,M,,COP(OC)(=S)SCN1N=Nc2ccccc2C1=O,0,761.0,,,1.22,ACHE_1,5.10
18.00,SALICYLANILIDE,3.95000,87172,213.24,3.95000,3.27,M,,c1ccccc1NC(=O)c2c(O)cccc2,0,3.0,,,1.19,NARCOSIS_I_3,1.30
2.10,"HEXACHLORO-1,3-BUTADIENE",0.09000,87683,260.76,0.09000,4.78,M,,C(Cl)(Cl)=C(Cl)C(Cl)=C(Cl)(Cl),0,27.7,,,2.4*,REACTIVE_2,7.20
14.10,PENTACHLOROPHENOL #1,0.24500,87865,266.34,0.24000,5.12,M,,Oc1c(Cl)c(Cl)c(Cl)c(Cl)c1Cl,3,11.0,UNC,TYPE II,1.11,UNCOUPLER_1,3.10
14.10,PENTACHLOROPHENOL #2,0.24500,87865,266.34,0.23700,5.12,M,,Oc1c(Cl)c(Cl)c(Cl)c(Cl)c1Cl,3,11.1,UNC,TYPE II,1.53,UNCOUPLER_1,3.10
14.10,PENTACHLOROPHENOL #3,0.24500,87865,266.34,0.30100,5.12,M,,Oc1c(Cl)c(Cl)c(Cl)c(Cl)c1Cl,3,8.8,UNC,TYPE II,1.28,UNCOUPLER_1,3.10
14.10,PENTACHLOROPHENOL #4,0.24500,87865,266.34,0.24200,5.12,M,,Oc1c(Cl)c(Cl)c(Cl)c(Cl)c1Cl,3,10.9,UNC,TYPE II,1.17,UNCOUPLER_1,3.10
14.10,PENTACHLOROPHENOL #5,0.24500,87865,266.34,0.35000,5.12,M,,Oc1c(Cl)c(Cl)c(Cl)c(Cl)c1Cl,3,7.9,UNC,TYPE II,1.15,UNCOUPLER_1,3.10
14.10,PENTACHLOROPHENOL #9,0.24500,87865,266.34,0.38100,5.12,M,pH during test was 8.7,Oc1c(Cl)c(Cl)c(Cl)c(Cl)c1Cl,3,6.9,UNC,TYPE II,1.15,UNCOUPLER_1,3.10
14.10,PENTACHLOROPHENOL #7,0.24500,87865,266.34,0.22200,5.12,M,pH during test was 7.5,Oc1c(Cl)c(Cl)c(Cl)c(Cl)c1Cl,3,11.9,UNC,TYPE II,1.28,UNCOUPLER_1,3.10
14.10,PENTACHLOROPHENOL #8,0.24500,87865,266.34,0.26100,5.12,M,pH during test was 7.8,Oc1c(Cl)c(Cl)c(Cl)c(Cl)c1Cl,3,10.1,UNC,TYPE II,1.17,UNCOUPLER_1,3.10
14.10,PENTACHLOROPHENOL #6,0.24500,87865,266.34,0.09860,5.12,M,pH during test was 6.6,Oc1c(Cl)c(Cl)c(Cl)c(Cl)c1Cl,3,27.0,UNC,TYPE II,1.52,UNCOUPLER_1,3.10
14.10,"2,4,6-TRICHLOROPHENOL #1",4.89000,88062,197.45,9.16000,3.69,M,,Oc1c(Cl)cc(Cl)cc1Cl,0,0.6,,TYPE III,1.86,NARCOSIS_II_4,2.40
14.10,"2,4,6-TRICHLOROPHENOL #2",4.89000,88062,197.45,4.55000,3.69,M,,Oc1c(Cl)cc(Cl)cc1Cl,0,1.2,,TYPE III,1.94,NARCOSIS_II_4,2.40
14.10,"2,4,6-TRICHLOROPHENOL #3",4.89000,88062,197.45,2.80000,3.69,M,,Oc1c(Cl)cc(Cl)cc1Cl,0,1.9,,TYPE III,1.86,NARCOSIS_II_4,2.40
14.10,3-TRIFLUOROMETHYL-4-NITROPHENOL,9.14000,88302,207.11,9.14000,3.00,,,Oc1cc(C(F)(F)F)c(N(=O)=O)cc1,0,2.1,,TYPE II,1.02,NARCOSIS_II_2,2.20
8.20,ANTHRANILAMIDE,395.00000,88686,136.15,395.00000,0.35,M,,c1(N)ccccc1C(=O)N,0,9.1,,,1.28,NARCOSIS_I_4,1.40
14.00,2-NITROPHENOL,160.00000,88755,139.11,160.00000,1.85,,,Oc1c(N(=O)=O)cccc1,0,0.9,,CONFLICT,1.25,NARCOSIS_II_3,2.30
14.00,"2-sec-BUTYL-4,6-DINITROPHENOL (DINOSEB #1)",0.53500,88857,240.22,0.70000,3.69,M,,Oc1c(C(C)CC)cc(N(=O)=O)cc1N(=O)=O,0,9.4,,,1.19,UNCOUPLER_3,3.30
14.00,"2-sec-BUTYL-4,6-DINITROPHENOL (DINOSEB #2)",0.53500,88857,240.22,0.41000,3.69,M,,Oc1c(C(C)CC)cc(N(=O)=O)cc1N(=O)=O,0,16.0,,,1.00,UNCOUPLER_3,3.30
5.00,SALICYLALDEHYDE,2.30000,90028,122.12,2.30000,1.81,M,,O=Cc1ccccc1O,0,59.7,,,1.09,REACTIVE_3,7.30
14.00,1-NAPHTHOL,4.63000,90153,144.17,4.63000,2.84,M,,Oc1cccc2ccccc12,2,4.0,,,1.65,NARCOSIS_II_1,2.10
14.00,2-PHENYLPHENOL,6.15000,90437,170.21,6.15000,3.36,,,Oc1c(c2ccccc2)cccc1,12,1.3,,,1.04,NARCO_I&II_1,12.10
3.30,XANTHONE #2,0.00000,90471,196.21,-99.00000,2.98,,1/10 MORT. AT 3.66 MG/L,c(ccc1C(=O)-c2cc3)cc1O-c2cc3,0,0.0,,TYPE III,ND,REACTIVE_4,7.40
3.30,XANTHONE #1,0.00000,90471,196.21,-99.00000,2.98,,1/10 MORT. AT 3.72 MG/L,c(ccc1C(=O)-c2cc3)cc1O-c2cc3,0,0.0,,TYPE III,ND,REACTIVE_4,7.40
5.00,"3,5-DIBROMOSALICYLALDEHYDE",0.85000,90595,279.92,0.85000,3.83,,,Brc1c(O)c(C=O)cc(Br)c1,0,7.4,,,1.88,REACTIVE_3,7.30
13.00,NAPHTHALENE,6.14000,91203,128.17,6.14000,3.30,M,,c1cccc2ccccc12,1,1.1,,,1.27,NARCOSIS_I_1,1.10
15.30,QUINOLINE,77.80000,91225,129.20,77.80000,2.05,,,n(ccc1)c(ccc2)c1c2,0,1.1,,TYPE III,1.06,UNSURE,0.00
10.20,"N,N-DIETHYLCYCLOHEXYLAMINE",21.40000,91656,155.29,21.40000,2.97,,,CCN(CC)C1CCCCC1,0,0.7,,TYPE I,1.04,UNSURE_AMINE,0.00
10.50,"N,N-DIETHYLANILINE",16.40000,91667,149.24,16.40000,3.31,M,,CCN(CC)c1ccccc1,0,0.5,,TYPE I,1.00,NARCOSIS_I_2,1.20
10.50,2-(N-ETHYL-M-TOLUIDINO)ETHANOL,52.90000,91883,179.26,52.90000,2.49,,,OCCN(CC)c1cc(C)ccc1,0,0.9,,TYPE I,1.07,NARCOSIS_I_2,1.20
1.00,DICYCLOHEXYL,0.00000,92513,166.31,-99.00000,5.90,,NO MORTALITIES AT SAT. 103 UG/L,C1CCCCC1C2CCCCC2,0,0.0,,,NT,EMPTY,0.00
6.10,1-BENZOYLACETONE,1.10000,93914,162.19,1.10000,1.05,,,c1ccccc1C(=O)CC(=O)C,0,856.0,,TYPE I,1.55,REACTIVE_4,7.40
8.00,ETHYL P-AMINOBENZOATE #2,35.70000,94097,165.19,36.00000,1.86,M,,c1cc(N)ccc1C(=O)OCC,1,4.6,,TYPE I,1.04,NARCO_ESTER_1,10.10
8.00,ETHYL P-AMINOBENZOATE #1,35.70000,94097,165.19,35.40000,1.86,M,,c1cc(N)ccc1C(=O)OCC,1,4.7,,TYPE I,1.00,NARCO_ESTER_1,10.10
15.30,PIPERINE (ALIPHATIC),7.84000,94622,285.34,7.84000,2.70,,,O1COc2ccc(C=CC=CC(=O)N3CCCCC3)cc12,0,6.2,,TYPE I,1.31,NARCOSIS_I_3,1.30
5.00,"2,4-DIHYDROXYBENZALDEHYDE",13.10000,95012,138.12,13.10000,1.71,,,c1(C=O)c(O)cc(O)cc1,0,14.7,,,1.1,REACTIVE_3,7.30
13.00,O-XYLENE #1,16.40000,95476,106.20,16.40000,3.12,M,,Cc1c(C)cccc1,0,0.5,,ID-EL,1.2,NARCOSIS_I_3,1.30
13.00,O-XYLENE #2,16.40000,95476,106.20,16.40000,3.12,M,,Cc1c(C)cccc1,0,0.5,,ID-EL,1.0,NARCOSIS_I_3,1.30
14.00,O-CRESOL,14.00000,95487,108.14,14.00000,2.12,,*Nonmonitonical pattern of death,Oc1c(C)cccc1,0,4.5,,TYPE II,1.05#,NARCOSIS_II_2,2.20
13.10,"1,2-DICHLOROBENZENE",9.47000,95501,147.00,9.47000,3.38,M,,Clc1c(Cl)cccc1,0,0.7,,TYPE III,1.25,MIXED,81.34
10.30,2-CHLOROANILINE #2,5.74000,95512,127.57,5.68000,1.90,M,Nonmonitonical pattern of death,Nc1c(Cl)cccc1,2,20.8,N-2,TYPE II,**,NARCOSIS_II_1,2.10
10.30,2-CHLOROANILINE #1,5.74000,95512,127.57,5.81000,1.90,M,,Nc1c(Cl)cccc1,2,20.4,N-2,TYPE II,4.32,NARCOSIS_II_1,2.10
13.10,2-FLUOROTOLUENE #1,19.40000,95523,110.13,19.30000,2.93,,,Cc1c(F)cccc1,0,0.6,,,**,REACTIVE_4,7.40
13.10,2-FLUOROTOLUENE #2,19.40000,95523,110.13,19.60000,2.93,,,Cc1c(F)cccc1,0,0.6,,,1.23,REACTIVE_4,7.40
14.10,2-CHLOROPHENOL #1,11.40000,95578,128.56,13.80000,2.15,M,Nonmonitonical pattern of death,Oc1c(Cl)cccc1,2,5.0,,TYPE II,2.00*,NARCOSIS_II_1,2.10
14.10,2-CHLOROPHENOL #2,11.40000,95578,128.56,9.41000,2.15,M,Nonmonitonical pattern of death,Oc1c(Cl)cccc1,2,7.4,,TYPE II,2.01*,NARCOSIS_II_1,2.10
13.00,"1,2,4-TRIMETHYLBENZENE",7.72000,95636,120.20,7.72000,3.78,M,,Cc1c(C)cc(C)cc1,0,0.4,,,1.27,NARCOSIS_I_3,1.30
13.10,"3,4-DICHLOROTOLUENE",2.91000,95750,161.03,2.91000,4.22,,,Cc1cc(Cl)c(Cl)cc1,0,0.8,,,1.45,MIXED,81.34
10.30,"3,4-DICHLOROANILINE #1",7.57000,95761,162.02,7.00000,2.69,M,,Nc1cc(Cl)c(Cl)cc1,12,4.0,,TYPE II,1.29,NARCO_I&II_1,12.10
10.30,"3,4-DICHLOROANILINE #2",7.57000,95761,162.02,8.06000,2.69,M,,Nc1cc(Cl)c(Cl)cc1,12,3.5,,TYPE II,1.40,NARCO_I&II_1,12.10
10.30,"3,4-DICHLOROANILINE #3",7.57000,95761,162.02,7.70000,2.69,M,,Nc1cc(Cl)c(Cl)cc1,12,3.6,,TYPE II,1.56,NARCO_I&II_1,12.10
8.30,ALLYL METHACRYLATE,0.99000,96059,126.16,0.99000,1.57,,,C=C(C)C(=O)OCC=C,0,240.0,,TYPE III,1.62,REACTIVE_2,7.20
4.00,"2,3-DIBROMOPROPANOL",71.00000,96139,217.89,71.00000,0.63,,,BrCC(Br)CO,0,44.2,,,2.24,REACTIVE_3,7.30
5.00,2-METHYLBUTYRALDEHYDE,9.97000,96173,86.13,9.97000,1.14,,,CC(C=O)CC,0,41.2,,TYPE I,2.47,REACTIVE_3,7.30
2.00,"1,2,3-TRICHLOROPROPANE #1",57.70000,96184,147.43,66.50000,1.98,,,ClCC(Cl)CCl,0,1.7,,TYPE I,1.00,NARCOSIS_I_2,1.20
6.00,3-PENTANONE,1540.00000,96220,86.13,1540.00000,0.79,,,CCC(=O)CC,0,0.6,,,1.00,NARCOSIS_I_3,1.30
16.00,2-BUTANONE OXIME,843.00000,96297,87.12,843.00000,0.65,,,CCC(C)=NO,0,1.4,,,1.46*,MIXED,80.33
10.20,2-(DIISOPROPYLAMINO)ETHANOL,201.00000,96800,145.25,201.00000,0.86,,,OCCN(C(C)C)C(C)C,0,6.3,,TYPE I,1.03,NARCOSIS_I_2,1.20
10.30,"2,4-DINITROANILINE #1",14.80000,97029,183.12,15.50000,1.84,,,Nc1c(N(=O)=O)cc(N(=O)=O)cc1,3,12.4,,,1.00,UNCOUPLER_1,3.10
10.30,"2,4-DINITROANILINE #2",14.80000,97029,183.12,14.20000,1.84,,,Nc1c(N(=O)=O)cc(N(=O)=O)cc1,3,13.6,,,1.02,UNCOUPLER_1,3.10
14.10,"2,2'-METHYLENEBIS(4-CHLOROPHENOL)",0.31000,97234,269.13,0.31000,4.26,M,,Oc1ccc(Cl)cc1Cc2cc(Cl)ccc2O,0,12.4,,,1.03,REACTIVE_3,7.30
20.00,PHENYLTRIMETHYLAMMONIUM IODIDE,243.00000,98044,263.12,243.00000,-99.99,,,c1ccccc1N{+1}(.I{-1})(C)(C)C,0,0.0,,TYPE III,1.21,UNSURE,0.00
14.00,P-TERT-BUTYLPHENOL,5.15000,98544,150.22,5.15000,3.31,M,,Oc1ccc(C(C)(C)C)cc1,0,1.5,,,1.21,NARCO_I&II_3,12.30
13.00,ISOPROPYLBENZENE,6.32000,98828,120.20,6.32000,3.66,M,,c1ccccc1C(C)C,0,0.5,,TYPE III,1.02#,UNSURE,0.00
6.00,ACETOPHENONE,162.00000,98862,120.15,162.00000,1.58,,,c1ccccc1C(=O)C,1,1.4,,,1.01,NARCOSIS_I_1,1.10
13.00,NITROBENZENE,119.00000,98953,123.11,119.00000,1.85,M,,c1ccccc1N(=O)=O,0,1.1,,,1.40,NARCOSIS_I_3,1.30
6.00,M-AMINOACETOPHENONE,382.00000,99036,135.17,382.00000,0.90,,,c1c(C(=O)C)cc(N)cc1,0,2.8,,,**,NARCOSIS_I_3,1.30
13.00,M-NITROTOLUENE,25.60000,99081,137.14,25.60000,2.45,M,,Cc1cc(N(=O)=O)ccc1,0,1.5,,,1.00,NARCOSIS_I_3,1.30
10.50,"N,N-DIMETHYL-P-TOLUIDINE #1",48.90000,99978,135.21,52.00000,2.81,M,,CN(C)c1ccc(C)cc1,1,0.4,,TYPE I,1.00,NARCOSIS_I_1,1.10
10.50,"N,N-DIMETHYL-P-TOLUIDINE #2",48.90000,99978,135.21,46.00000,2.81,M,,CN(C)c1ccc(C)cc1,1,0.4,,TYPE I,1.26,NARCOSIS_I_1,1.10
10.30,P-NITROANILINE,125.00000,100016,138.13,125.00000,1.31,,,Nc1ccc(N(=O)=O)cc1,2,3.6,,TYPE III,1.10,MIXED,82.13
14.00,4-NITROPHENOL #1,44.80000,100027,139.11,58.60000,1.91,M,,Oc1ccc(N(=O)=O)cc1,2,2.2,,,1.44,NARCOSIS_II_1,2.10
14.00,4-NITROPHENOL #3,44.80000,100027,139.11,37.30000,1.91,M,,Oc1ccc(N(=O)=O)cc1,2,3.4,,,1.16,NARCOSIS_II_1,2.10
14.00,4-NITROPHENOL #2,44.80000,100027,139.11,41.00000,1.91,M,,Oc1ccc(N(=O)=O)cc1,2,3.1,,,1.58,NARCOSIS_II_1,2.10
5.00,P-DIMETHYLAMINOBENZALDEHYDE,45.70000,100107,149.19,45.70000,1.81,M,,CN(C)c1ccc(C=O)cc1,0,2.2,,,1.21,NARCOSIS_I_3,1.30
13.00,"1,4-DINITROBENZENE",0.71000,100254,168.11,0.71000,1.46,M,,O=N(=O)c1ccc(N(=O)=O)cc1,3,566.0,,,1.14,MIXED,83.14
10.20,"N,N-DIETHYLETHANOLAMINE",1780.00000,100378,117.19,1780.00000,0.32,,,CCN(CCO)CC,0,1.8,,TYPE I,1.35,NARCOSIS_I_2,1.20
13.00,ETHYLBENZENE #1,10.50000,100414,106.17,12.10000,3.15,M,,CCc1ccccc1,0,0.6,,,1.53,NARCOSIS_I_3,1.30
13.00,ETHYLBENZENE #2,10.50000,100414,106.17,9.09000,3.15,M,,CCc1ccccc1,0,0.8,,,1.09,NARCOSIS_I_3,1.30
10.00,BENZYLAMINE,102.00000,100469,107.16,102.00000,1.09,,,NCc1ccccc1,0,5.6,,TYPE III,1.20,UNSURE_AMINE,0.00
5.00,BENZALDEHYDE #1,9.87000,100527,106.12,7.61000,1.48,M,,c(ccc1C=O)cc1,0,31.9,IRR,TYPE III,4.60,REACTIVE_1,7.10
5.00,BENZALDEHYDE #2,9.87000,100527,106.12,12.80000,1.48,M,,c(ccc1C=O)cc1,0,19.0,IRR,TYPE III,1.28*,REACTIVE_1,7.10
10.40,N-METHYLANILINE,100.00000,100618,107.16,100.00000,1.66,M,,c(ccc1NC)cc1,0,1.7,,TYPE II,2.06,NARCO_I&II_3,12.30
16.00,CYCLOHEXANONE OXIME,208.00000,100641,113.20,208.00000,1.20,,,ON=C1CCCCC1,0,2.3,,TYPE III,1.4*,MIXED,80.33
15.30,2-CYANOPYRIDINE,726.00000,100709,104.11,726.00000,0.50,M,,n1c(C#N)cccc1,2,2.7,,TYPE III,1.45,NARCOSIS_II_1,2.10
15.30,2-ETHYLPYRIDINE,414.00000,100710,107.16,414.00000,1.69,M,,n1c(CC)cccc1,0,0.3,,TYPE I,1.00,NARCOSIS_I_2,1.20
3.30,SOLKETAL,16700.00000,100798,132.16,16700.00000,-0.07,,,CC1(C)OCC(CO)O1,0,0.5,,,1.1,NARCOSIS_I_3,1.30
15.40,HEXAMETHYLENETETRAMINE (ALIPHATIC),49800.00000,100970,140.19,49800.00000,2.46,,,C(N(CN1C2)CN23)N(C1)C3,0,0.1,,,1.15,UNSURE,0.00
3.10,PHENYL ETHER,4.00000,101848,170.21,4.00000,4.21,M,,c1ccccc1Oc2ccccc2,0,0.6,,,1.00,NARCOSIS_I_3,1.30
10.40,N-ETHYL-M-TOLUIDINE,49.50000,102272,135.21,49.50000,2.82,,,CCNc1cc(C)ccc1,0,0.4,,,1.01,NARCOSIS_I_3,1.30
10.20,TRIPROPYLAMINE,50.90000,102692,143.27,50.90000,2.79,M,,CCCN(CCC)CCC,0,0.4,,TYPE I,1.00,UNSURE_AMINE,0.00
10.20,TRIETHANOLAMINE,11800.00000,102716,149.19,11800.00000,-1.75,,,OCCN(CCO)CCO,0,31.4,,TYPE I,1.14,UNSURE_AMINE,0.00
4.00,BENZYL-TERT-BUTANOL,66.40000,103059,164.25,66.40000,2.57,,,c1ccccc1CCC(C)(C)O,0,0.6,,TYPE I,1.00,NARCOSIS_I_2,1.20
12.20,P-TOLYL DISULFIDE,0.00000,103195,246.39,-99.00000,5.74,,NO MORTALITIES AT SAT. 0.047 MG/L,c1cc(C)ccc1SSc2ccc(C)cc2,0,0.0,,,NT,EMPTY,0.00
15.00,1-(2-HYDROXYETHYL)PIPERAZINE,6410.00000,103764,130.19,6410.00000,-0.68,,,OCCN1CCNCC1,0,5.0,,TYPE II,1.90,UNSURE,0.00
10.20,"N,N-DIMETHYLBENZYLAMINE",37.80000,103833,135.21,37.80000,1.95,,,CN(C)Cc1ccccc1,0,3.0,,TYPE II,1.00,UNSURE_AMINE,0.00
18.00,4-ACETAMIDOPHENOL,814.00000,103902,151.17,814.00000,0.32,M,,c1cc(O)ccc1NC(=O)C,0,5.2,,,1.13#,UNSURE,0.00
10.30,4-BUTYLANILINE,10.20000,104132,149.24,10.20000,3.15,,,Nc1ccc(CCCC)cc1,0,1.0,,TYPE II,1.21,NARCO_I&II_3,12.30
14.00,NONYLPHENOL (Mixed),0.14000,104405,220.36,0.14000,6.36,,,CCCCCCCCCc1ccc(O)cc1,0,14.6,,,1.14*,NARCO_I&II_3,12.30
10.30,4-DODECYLANILINE,0.00000,104427,261.46,-99.00000,7.38,,NO MORTALITIES AT SAT. 3.2 UG/L,Nc1ccc(CCCCCCCCCCCC)cc1,0,0.0,,,NT,EMPTY,0.00
4.00,2-ETHYL-1-HEXANOL,28.20000,104767,130.23,28.20000,2.81,,,CCCCC(CC)CO,0,0.6,,TYPE I,1.02,NARCOSIS_I_2,1.20
5.00,4-CHLOROBENZALDEHYDE,2.20000,104881,140.57,2.20000,2.10,M,,Clc(ccc1C=O)cc1,0,38.5,,,1.82,REACTIVE_3,7.30
15.30,5-ETHYL-2-METHYLPYRIDINE,81.10000,104905,121.18,81.10000,2.49,,,n1c(C)ccc(CC)c1,0,0.4,,TYPE I,1.00,NARCOSIS_I_2,1.20
10.20,5-DIETHYLAMINO-2-PENTANONE,336.00000,105146,157.26,336.00000,0.35,,,CC(=O)CCCN(CC)CC,0,12.3,,TYPE I,1.25,UNSURE_AMINE,0.00
8.00,DIETHYL MALONATE #1,14.70000,105533,160.17,15.40000,1.07,,,CCOC(=O)CC(=O)OCC,0,57.8,,TYPE I,1.53,UNSURE,0.00
8.00,DIETHYL MALONATE #2,14.70000,105533,160.17,17.40000,1.07,,,CCOC(=O)CC(=O)OCC,0,51.1,,TYPE I,1.66,UNSURE,0.00
8.00,DIETHYL MALONATE #3,14.70000,105533,160.17,11.80000,1.07,,,CCOC(=O)CC(=O)OCC,0,75.4,,TYPE I,2.12,UNSURE,0.00
14.00,"2,4-DIMETHYLPHENOL",16.60000,105679,122.17,16.60000,2.30,M,,Oc1c(C)cc(C)cc1,2,2.9,N-2,,1.74,NARCOSIS_II_1,2.10
8.00,DIBUTYL FUMARATE #3,0.63000,105759,228.29,0.47000,3.91,,,CCCCOC(=O)C=CC(=O)OCCCC,0,9.8,,TYPE I,1.19,NARCO_ESTER_3,10.30
8.00,DIBUTYL FUMARATE #2,0.63000,105759,228.29,0.64000,3.91,,,CCCCOC(=O)C=CC(=O)OCCCC,0,7.2,,TYPE I,1.72,NARCO_ESTER_3,10.30
8.00,DIBUTYL FUMARATE #1,0.63000,105759,228.29,0.76000,3.91,,,CCCCOC(=O)C=CC(=O)OCCCC,0,6.1,,TYPE I,1.38,NARCO_ESTER_3,10.30
8.00,DIBUTYL FUMARATE #4,0.63000,105759,228.29,0.68400,3.91,,,CCCCOC(=O)C=CC(=O)OCCCC,0,6.8,,TYPE I,2.1,NARCO_ESTER_3,10.30
8.00,DIBUTYL ADIPATE,3.64000,105997,258.36,3.64000,3.82,,,CCCCOC(=O)CCCCC(=O)OCCCC,0,1.6,,,1.14,NARCO_ESTER_3,10.30
10.30,P-BROMOANILINE,47.50000,106401,172.03,47.50000,2.26,M,,Nc1ccc(Br)cc1,2,1.6,,,**,NARCOSIS_II_2,2.20
13.00,P-XYLENE,8.87000,106423,106.17,8.87000,3.15,M,,Cc1ccc(C)cc1,0,0.8,,,1.60,NARCOSIS_I_3,1.30
14.00,4-METHYLPHENOL (P-CRESOL),16.50000,106445,108.14,16.50000,1.94,M,*Nonmonitonical pattern of death,Oc1ccc(C)cc1,0,5.6,,TYPE III,1.02#,MIXED,82.24
10.30,4-CHLOROANILINE #1,31.40000,106478,127.57,30.60000,1.83,M,,Nc1ccc(Cl)cc1,2,4.5,N-2,TYPE II,**,NARCOSIS_II_1,2.10
10.30,4-CHLOROANILINE #2,31.40000,106478,127.57,32.30000,1.83,M,,Nc1ccc(Cl)cc1,2,4.3,N-2,TYPE II,ND,NARCOSIS_II_1,2.10
14.10,4-CHLOROPHENOL,6.11000,106489,128.56,6.11000,2.48,,,Oc1ccc(Cl)cc1,0,5.7,,TYPE III,1.35,NARCOSIS_II_3,2.30
10.30,4-TOLUIDINE #1,160.00000,106490,107.16,149.00000,1.39,M,,Nc1ccc(C)cc1,0,2.0,,TYPE II,1.70,NARCOSIS_II_2,2.20
10.30,4-TOLUIDINE #2,160.00000,106490,107.16,171.00000,1.39,M,,Nc1ccc(C)cc1,0,1.2,,TYPE II,1.24,NARCOSIS_II_2,2.20
8.30,ISOBUTYL ACRYLATE #1,2.10000,106638,128.17,2.09000,2.22,M,,C=CC(=O)OCC(C)C,0,28.7,,TYPE III,**,REACTIVE_2,7.20
8.30,ISOBUTYL ACRYLATE #2,2.10000,106638,128.17,2.11000,2.22,M,,C=CC(=O)OCC(C)C,0,28.4,,TYPE III,1.57*,REACTIVE_2,7.20
2.00,1-BROMOPROPANE,67.30000,106945,123.00,67.30000,2.10,M,,BrCCC,0,1.1,,TYPE I,1.94,NARCOSIS_I_2,1.20
5.00,ACROLEIN #1,0.01700,107028,56.06,0.02000,-0.01,M,,C=CC=O,0,161000.0,IRR,TYPE II,1.25,REACTIVE_1,7.10
5.00,ACROLEIN #2,0.01700,107028,56.06,0.01400,-0.01,M,,C=CC=O,0,230000.0,IRR,TYPE II,2.41,REACTIVE_1,7.10
2.00,"1,2-DICHLOROETHANE",136.00000,107062,98.96,136.00000,1.48,M,,ClCCCl,0,1.7,,,1.22,NARCOSIS_I_2,1.20
4.00,2-CHLOROETHANOL #5,53.70000,107073,80.51,50.50000,0.03,M,,ClCCO,0,83.9,,,1.55,REACTIVE_2,7.20
4.00,2-CHLOROETHANOL #2,53.70000,107073,80.51,73.10000,0.03,M,,ClCCO,0,58.0,,,1.85,REACTIVE_2,7.20
4.00,2-CHLOROETHANOL #4,53.70000,107073,80.51,83.70000,0.03,M,,ClCCO,0,50.7,,,1.58,REACTIVE_2,7.20
4.00,2-CHLOROETHANOL #1,53.70000,107073,80.51,37.00000,0.03,M,,ClCCO,0,115.0,,,2.32,REACTIVE_2,7.20
4.00,2-CHLOROETHANOL #3,53.70000,107073,80.51,39.20000,0.03,M,,ClCCO,0,108.0,,,1.77*,REACTIVE_2,7.20
10.00,PROPYLAMINE,308.00000,107108,59.11,308.00000,0.48,M,,CCCN,0,3.8,,,1.86*,UNSURE_AMINE,0.00
9.00,PROPIONITRILE,1520.00000,107120,55.08,1520.00000,0.16,M,,CCC#N,0,1.5,,TYPE I,1.00,NARCOSIS_I_2,1.20
9.00,CHLOROACETONITRILE,1.35000,107142,75.50,1.35000,0.45,M,,ClCC#N,0,1190.0,,,2.59,BLOCK_3,6.30
10.00,ETHYLENEDIAMINE,220.00000,107153,60.10,220.00000,-1.22,,,NCCN,0,215.0,,TYPE II,3.43,MIXED,80.44
4.10,ALLYL ALCOHOL,0.32000,107186,58.08,0.32000,-0.25,,,OCC=C,0,17500.0,,ID,1.97,REACTIVE_2,7.20
4.20,2-PROPYN-1-OL #1,1.48000,107197,56.06,1.53000,-0.37,,,C(O)C#C,0,4590.0,,TYPE I,1.81*,REACTIVE_2,7.20
4.20,2-PROPYN-1-OL #2,1.48000,107197,56.06,1.44000,-0.37,,,C(O)C#C,0,4870.0,,TYPE I,2.44,REACTIVE_2,7.20
16.00,ACETALDOXIME,76.00000,107299,59.07,76.00000,-0.14,,,CC=NO,0,59.2,,TYPE III,2.02,MIXED,80.33
4.30,"2-METHYL-2,4-PENTANEDIOL",10700.00000,107415,118.18,10700.00000,-0.67,,,CC(O)(C)CC(O)C,0,2.6,,,1.01,NARCOSIS_I_2,1.20
10.00,TERT-OCTYLAMINE,24.60000,107459,129.25,24.60000,2.43,,,CC(C)(C)CC(C)(C)N,0,1.6,,TYPE II,1.31,UNSURE_AMINE,0.00
12.10,TERT-BUTYL SULFIDE,29.10000,107471,146.29,29.10000,3.32,,,CC(C)(C)SC(C)(C)C,0,0.3,,,1.03,NARCOSIS_I_3,1.30
6.00,2-PENTANONE,1240.00000,107879,86.13,1240.00000,0.91,M,,CCCC(=O)C,0,0.5,,TYPE III,1.15,MIXED,81.34
6.00,4-METHYL-2-PENTANONE #2,522.00000,108101,100.16,540.00000,1.31,M,,CC(=O)CC(C)C,1,0.8,,,1.10,NARCOSIS_I_1,1.10
6.00,4-METHYL-2-PENTANONE #1,522.00000,108101,100.16,505.00000,1.31,M,,CC(=O)CC(C)C,1,0.8,,,1.00,NARCOSIS_I_1,1.10
3.00,ISOPROPYL ETHER,786.00000,108203,102.18,786.00000,1.52,M,,CC(C)OC(C)C,1,0.3,,TYPE I,1.0,NARCOSIS_I_1,1.10
13.00,TOLUENE #1,33.90000,108883,92.15,36.20000,2.73,M,Nonmonitonical pattern of death,Cc1ccccc1,0,0.4,,TYPE III,1.10*NM,UNSURE,0.00
13.00,TOLUENE #2,33.90000,108883,92.15,31.70000,2.73,,Nonmonitonical pattern of death,Cc1ccccc1,0,0.5,,TYPE III,1.4NM,UNSURE,0.00
15.30,4-PICOLINE,403.00000,108894,93.13,403.00000,1.22,M,,n1ccc(C)cc1,0,0.9,,TYPE III,1.74,NARCOSIS_II_2,2.20
13.10,CHLOROBENZENE,16.90000,108907,112.56,16.90000,2.86,,Nonmonitonical pattern of death,Clc1ccccc1,0,0.8,,TYPE III,1.63NM,MIXED,81.34
4.00,CYCLOHEXANOL,704.00000,108930,100.16,704.00000,1.23,M,,C1CCCCC1O,0,0.6,,,1.06,NARCOSIS_I_2,1.20
6.20,CYCLOHEXANONE #2,621.00000,108941,98.15,732.00000,0.81,M,,C1C(=O)CCCC1,0,1.3,,,1.07,NARCOSIS_I_3,1.30
6.20,CYCLOHEXANONE #1,621.00000,108941,98.15,527.00000,0.81,M,,C1C(=O)CCCC1,0,1.8,,,1.46,NARCOSIS_I_3,1.30
14.00,PHENOL #1,32.70000,108952,94.11,28.80000,1.46,M,,Oc1ccccc1,2,7.8,N-2,TYPE II,**,NARCOSIS_II_1,2.10
14.00,PHENOL #2,32.70000,108952,94.11,32.40000,1.46,M,,Oc1ccccc1,2,6.9,N-2,TYPE II,1.29#,NARCOSIS_II_1,2.10
14.00,PHENOL #3,32.70000,108952,94.11,49.70000,1.46,M,,Oc1ccccc1,2,4.5,N-2,TYPE II,**,NARCOSIS_II_1,2.10
14.00,PHENOL #4,32.70000,108952,94.11,24.80000,1.46,M,Nonmonitonical pattern of death,Oc1ccccc1,2,9.1,N-2,TYPE II,**,NARCOSIS_II_1,2.10
15.30,3-PICOLINE,144.00000,108996,93.07,144.00000,1.31,,,n1cc(C)ccc1,0,2.1,,TYPE I,1.16#,NARCOSIS_II_3,2.30
15.00,1-METHYLPIPERAZINE,2300.00000,109013,100.17,2300.00000,-0.10,,,CN1CCNCC1,0,3.0,,TYPE II,1.40*,UNSURE,0.00
15.30,2-PICOLINE,897.00000,109068,93.13,897.00000,1.11,M,,n1c(C)cccc1,0,0.5,,TYPE I,1.00,NARCOSIS_I_2,1.20
15.00,2-METHYLPIPERAZINE,2240.00000,109079,100.17,2240.00000,-0.44,,,N1CC(C)NCC1,0,6.5,,TYPE I,1.88,UNSURE,0.00
8.00,PROPYL ACETATE,60.00000,109604,102.13,60.00000,1.20,,,CC(=O)OCCC,0,7.1,,,1.17,NARCO_ESTER_3,10.30
2.00,"1,3-DIBROMOPROPANE #1",2.09000,109648,201.89,2.44000,1.99,,,BrCCCBr,0,63.2,,TYPE II,2.88,REACTIVE_2,7.20
2.00,"1,3-DIBROMOPROPANE #2",2.09000,109648,201.89,1.79000,1.99,,,BrCCCBr,0,86.1,,TYPE II,1.02*,REACTIVE_2,7.20
2.00,1-BROMOBUTANE,36.70000,109659,137.03,36.70000,2.75,M,,BrCCCC,0,0.6,,TYPE I,1.0,NARCOSIS_I_2,1.20
10.00,BUTYLAMINE,268.00000,109739,73.14,268.00000,0.97,M,,CCCCN,0,1.9,,TYPE II,3.38,UNSURE_AMINE,0.00
9.00,ALLYL CYANIDE,182.00000,109751,67.09,182.00000,0.12,,,C=CCC#N,1,16.0,,,1.29,MIXED,81.34
10.00,"1,3-DIAMINOPROPANE",1190.00000,109762,74.13,1190.00000,-1.49,,,NCCCN,0,88.0,,,1.33,NARC_II_AMINE_2,22.20
9.00,MALONONITRILE (NOMINALS),0.56000,109773,66.06,0.56000,-0.50,M,,N#CCC#N,0,89000.0,,,**,BLOCK_3,6.30
10.00,2-METHOXYETHYLAMINE,524.00000,109853,75.11,524.00000,-0.67,,,COCCN,0,34.3,,TYPE I,2.25,UNSURE_AMINE,0.00
10.10,DIETHYLAMINE,855.00000,109897,73.14,855.00000,0.58,M,,CCNCC,0,1.4,,,1.72,UNSURE_AMINE,0.00
15.60,PYRROLE,210.00000,109977,67.09,210.00000,0.75,M,,N1C=CC=C1,0,3.5,,,1.05,NARCOSIS_I_3,1.30
3.30,TETRAHYDROFURAN,2160.00000,109999,72.11,2160.00000,0.46,M,,O(CC1)CC1,0,0.7,,,1.2,NARCOSIS_I_3,1.30
3.30,FURAN,61.00000,110009,68.07,61.00000,1.34,M,,C1=COC=C1,0,3.5,,,1.6*,REACTIVE_3,7.30
12.20,T-BUTYL DISULFIDE,1.37000,110065,178.36,1.37000,4.22,,,CC(C)(C)SSC(C)(C)C,0,1.9,,TYPE I-EL,1.13*,NARCOSIS_I_3,1.30
6.00,5-METHYL-2-HEXANONE,159.00000,110123,114.19,159.00000,1.88,M,,CC(=O)CCC(C)C,0,1.0,,,1.00,NARCOSIS_I_3,1.30
8.00,DIETHYL SEBACATE #1,2.72000,110407,258.36,2.70000,3.82,,,CCOC(=O)CCCCCCCCC(=O)OCC,0,2.2,,,1.13,UNSURE,0.00
8.00,DIETHYL SEBACATE #2,2.72000,110407,258.36,2.73000,3.82,,,CCOC(=O)CCCCCCCCC(=O)OCC,0,2.1,,,1.12*,UNSURE,0.00
6.00,2-HEPTANONE,131.00000,110430,114.19,131.00000,1.98,M,,CCCCCC(=O)C,0,0.7,,TYPE I,1.00,NARCOSIS_I_2,1.20
1.00,HEXANE,2.50000,110543,86.18,2.50000,3.87,,,CCCCCC,0,0.7,,,1.1,NARCOSIS_I_3,1.30
2.00,"1,4-DICHLOROBUTANE",51.60000,110565,127.01,51.60000,2.24,,,ClCCCCCl,0,1.1,,,1.0,NARCOSIS_I_2,1.20
10.00,AMYLAMINE,177.00000,110587,87.17,177.00000,1.49,M,,CCCCCN,0,1.1,,TYPE I,1.18,UNSURE_AMINE,0.00
5.00,VALERALDEHYDE #1,12.90000,110623,86.13,12.40000,1.36,,,CCCCC=O,0,20.6,,TYPE I,1.04*,REACTIVE_2,7.20
5.00,VALERALDEHYDE #2,12.90000,110623,86.13,13.40000,1.36,,,CCCCC=O,0,19.1,,TYPE I,1.00*,REACTIVE_2,7.20
4.30,"2-BUTYNE-1,4-DIOL",53.60000,110656,86.09,53.60000,-1.83,,,C(O)C#CC(O),0,4740.0,,TYPE II,1.31,REACTIVE_2,7.20
10.10,2-(ETHYLAMINO)ETHANOL,1480.00000,110736,89.14,1480.00000,-0.46,,,CCNCCO,0,9.2,,TYPE I,**,NARCOSIS_I_3,1.30
1.00,CYCLOHEXANE,4.53000,110827,84.16,4.53000,3.44,M,Nonmonitonical pattern of death,C1CCCCC1,0,0.8,,,1.2NM,NARCOSIS_I_3,1.30
15.30,PYRIDINE #1,99.80000,110861,79.10,106.00000,0.65,M,,n1ccccc1,2,10.3,,TYPE III,4.51,NARCOSIS_II_1,2.10
15.30,PYRIDINE #2,99.80000,110861,79.10,93.80000,0.65,M,,n1ccccc1,2,11.6,,TYPE III,1.68*,NARCOSIS_II_1,2.10
3.30,S-TRIOXANE,5950.00000,110883,90.08,5950.00000,-0.43,M,,C1OCOCO1,0,2.9,,,1.1,NARCOSIS_I_3,1.30
6.00,6-METHYL-5-HEPTEN-2-ONE,85.70000,110930,126.20,85.70000,1.70,,,CC(=O)CCC=C(C)C,0,2.1,,,1.00,NARCOSIS_I_3,1.30
6.00,2-OCTANONE,36.00000,111137,128.22,36.00000,2.37,M,,CC(=O)CCCCCC,1,1.2,,,1.00,NARCOSIS_I_1,1.10
8.00,2-ETHOXYETHYL ACETATE,42.10000,111159,132.16,42.10000,0.65,,,CC(=O)OCCOCC,1,43.2,,,1.04,NARCO_ESTER_1,10.10
2.00,1-BROMOHEXANE,3.45000,111251,165.08,3.45000,3.80,M,,BrCCCCCC,0,1.1,,,1.0,NARCOSIS_I_2,1.20
10.00,HEXYLAMINE,56.60000,111262,101.19,56.60000,2.06,M,,CCCCCCN,0,1.2,,TYPE I,1.03,UNSURE_AMINE,0.00
4.00,1-HEXANOL,97.70000,111273,102.18,97.70000,2.03,M,,CCCCCCO,1,0.7,,,1.02,NARCOSIS_I_1,1.10
10.10,DIETHANOLAMINE,4710.00000,111422,105.14,4710.00000,-1.43,M,,OCCNCCO,0,3.0,,TYPE I,1.59,NARCOSIS_I_3,1.30
4.30,2-HYDROXYETHYL ETHER,75200.00000,111466,106.12,75200.00000,-1.30,,,OCCOCCO,0,1.3,,,1.00,NARCOSIS_I_2,1.20
12.10,N-PROPYL SULFIDE,21.70000,111477,118.24,21.70000,2.96,,,CCCSCCC,0,0.5,,,1.00,NARCOSIS_I_3,1.30
10.00,N-HEPTYLAMINE,21.80000,111682,115.22,21.80000,2.57,M,,CCCCCCCN,0,1.2,,,1.00,UNSURE_AMINE,0.00
9.00,"1,4-DICYANOBUTANE",1930.00000,111693,108.14,1930.00000,-0.32,M,,N#CCCCCC#N,0,7.8,,,1.00,NARCOSIS_I_3,1.30
4.00,1-HEPTANOL,34.50000,111706,116.20,34.50000,2.72,M,,CCCCCCCO,1,1.0,,TYPE I,1.00,NARCOSIS_I_1,1.10
2.00,1-BROMOOCTANE,0.83800,111831,193.13,0.83800,4.89,M,,BrCCCCCCCC,0,2.4,,,1.2,NARCOSIS_I_2,1.20
10.00,OCTYLAMINE,5.19000,111864,129.25,5.19000,3.04,,,CCCCCCCCN,0,2.1,,TYPE I,1.46,UNSURE_AMINE,0.00
4.00,1-OCTANOL #2,13.50000,111875,130.23,14.60000,2.97,M,,CCCCCCCCO,1,0.9,N-1,TYPE I,1.02,NARCOSIS_I_1,1.10
4.00,1-OCTANOL #4,13.50000,111875,130.23,14.00000,2.97,M,,CCCCCCCCO,1,0.9,N-1,TYPE I,1.04,NARCOSIS_I_1,1.10
4.00,1-OCTANOL #3,13.50000,111875,130.23,13.10000,2.97,M,,CCCCCCCCO,1,1.0,N-1,TYPE I,1.02,NARCOSIS_I_1,1.10
4.00,1-OCTANOL #1,13.50000,111875,130.23,13.50000,2.97,M,,CCCCCCCCO,1,0.9,N-1,TYPE I,1.01,NARCOSIS_I_1,1.10
4.00,1-OCTANOL #6,13.50000,111875,130.23,13.00000,2.97,M,,CCCCCCCCO,1,1.0,N-1,TYPE I,1.04,NARCOSIS_I_1,1.10
4.00,1-OCTANOL #5,13.50000,111875,130.23,13.10000,2.97,M,,CCCCCCCCO,1,1.0,N-1,TYPE I,1.02,NARCOSIS_I_1,1.10
4.00,2-(2-ETHOXYETHOXY)ETHANOL,26500.00000,111900,134.18,26500.00000,-0.54,M,,CCOCCOCCO,0,0.4,,,1.13,NARCOSIS_I_2,1.20
7.00,NONANOIC ACID,104.00000,112050,158.24,104.00000,3.47,,,CCCCCCCCC(=O)O,0,0.1,,,1.04,UNSURE,0.00
6.00,2-UNDECANONE,1.50000,112129,170.30,1.50000,4.09,M,,CCCCCCCCCC(=O)C,0,2.2,,TYPE I,1.19,NARCOSIS_I_2,1.20
10.00,NONYLAMINE,2.16000,112209,143.27,2.16000,3.57,,,CCCCCCCCCN,0,2.2,,TYPE II,1.07,UNSURE_AMINE,0.00
4.00,TRIETHYLENE GLYCOL #1,68900.00000,112276,150.17,59900.00000,-1.24,,,OCCOCCOCCO,0,2.1,,,1.28,NARCOSIS_I_2,1.20
4.00,TRIETHYLENE GLYCOL #2,68900.00000,112276,150.17,70200.00000,-1.24,,,OCCOCCOCCO,0,1.8,,,1.02,NARCOSIS_I_2,1.20
4.00,TRIETHYLENE GLYCOL #3,68900.00000,112276,150.17,77400.00000,-1.24,,,OCCOCCOCCO,0,1.6,,,1.08,NARCOSIS_I_2,1.20
4.00,1-DECANOL,2.40000,112301,158.28,2.40000,4.57,M,,CCCCCCCCCCO,0,1.2,,,1.00,NARCOSIS_I_2,1.20
4.00,1-TRIDECANOL,0.00000,112709,200.37,-99.00000,5.58,,NO MORTALITIES AT SAT. O.52 MG/L,CCCCCCCCCCCCCO,0,3.6,,,NT,EMPTY,0.00
21.00,PROPOXUR (BAYGON),8.80000,114261,209.25,8.80000,1.45,M,,CC(C)Oc1ccccc1OC(=O)NC,0,58.1,,,1.86,ACHE_1,5.10
4.20,2-METHYL-3-BUTYN-2-OL,3290.00000,115195,84.12,3290.00000,0.28,M,,CC(O)(C)C#C,0,0.7,,TYPE II,1.02,NARCOSIS_I_2,1.20
4.00,"2,2,2-TRICHLOROETHANOL",299.00000,115208,149.40,299.00000,1.42,M,,C(Cl)(Cl)(Cl)CO,1,1.3,,,1.08,NARCOSIS_I_1,1.10
22.00,DICOFOL (KELTHANE),0.60300,115322,370.49,0.60300,6.06,,,c1cc(Cl)ccc1C(C(Cl)(Cl)Cl)(O)c2ccc(Cl)cc2,0,5.7,,,ND,NEUROTOX_1,8.10
19.00,TRIPHENYL PHOSPHATE,0.87000,115866,326.29,0.87000,4.59,M,,c1ccccc1OP(=O)(Oc2ccccc2)Oc3ccccc3,0,4.3,,TYPE III,1.08,MIXED,80.44
22.00,FENSULFOTHION,43.10000,115902,308.37,43.20000,2.23,M,,S(=O)(C)c(ccc1OP(=S)(OCC)OCC)cc1,0,0.0,,,ND,ACHE_1,5.10
21.00,ALDICARB,0.86100,116063,190.30,0.86100,1.12,,,CSC(C)(C)C=NOC(=O)NC,0,1102.0,,TYPE III,1,ACHE_1,5.10
8.10,DIOCTYL PHTHALATE,0.00000,117817,390.56,-99.00000,8.66,,NO MORTALITIES AT SAT.(.385 MG/L),CCCCC(CC)COC(=O)c1ccccc1C(=O)OCC(CCCC)CC,0,0.0,,,NT,EMPTY,0.00
8.10,DI-N-OCTYL PHTHALATE,0.00000,117840,390.56,-99.00000,8.92,,NO MORT. AT SAT. 44 UG/L,CCCCCCCCOC(=O)c1ccccc1C(=O)OCCCCCCCC,0,0.0,,,NT,EMPTY,0.00
8.00,PHENYL SALICYLATE,1.18000,118558,214.22,1.18000,4.12,,,c1cccc(O)c1C(=O)Oc2ccccc2,0,2.9,,,1.05,NARCO_ESTER_3,10.30
8.00,ETHYL SALICYLATE #1,20.20000,118616,166.18,19.80000,3.14,,,c1cccc(O)c1C(=O)OCC,0,0.6,,TYPE I,1.01,NARCO_ESTER_2,10.20
8.00,ETHYL SALICYLATE #2,20.20000,118616,166.18,20.70000,3.14,,,c1cccc(O)c1C(=O)OCC,0,0.6,,TYPE I,1.00,NARCO_ESTER_2,10.20
14.10,"2,4,6-TRIBROMOPHENOL",6.54000,118796,330.82,6.54000,4.02,,,Oc1c(Br)cc(Br)cc1Br,1,0.9,,TYPE II,1.46,NARCOSIS_I_1,1.10
14.00,4-AMINO-2-NITROPHENOL,36.20000,119346,154.13,36.20000,0.96,,,Oc1c(N(=O)=O)cc(N)cc1,2,30.0,,,1.04,NARCOSIS_II_1,2.10
6.00,BENZOPHENONE #2,14.70000,119619,182.22,14.20000,3.18,M,,c1ccccc1C(=O)c2ccccc2,0,0.8,,,1.04,NARCOSIS_I_3,1.30
6.00,BENZOPHENONE #1,14.70000,119619,182.22,15.30000,3.18,M,,c1ccccc1C(=O)c2ccccc2,0,0.8,,,1.00,NARCOSIS_I_3,1.30
10.50,N-PHENYLDIETHANOLAMINE,735.00000,120070,181.24,735.00000,0.44,,,c1ccccc1N(CCO)CCO,0,5.3,,TYPE I,1.00,NARCOSIS_I_2,1.20
5.00,4-(DIETHYLAMINO)BENZALDEHYDE,23.90000,120218,177.25,23.90000,2.94,,,c(cc(c1)N(CC)CC)c(c1)C=O,0,0.8,,TYPE I,1.03,NARCOSIS_I_2,1.20
14.00,CATECHOL,9.22000,120809,110.11,9.22000,0.88,M,,Oc1c(O)cccc1,2,119.0,,TYPE II,1.8,NARCOSIS_II_1,2.10
13.10,"1,2,4-TRICHLOROBENZENE",2.99000,120821,181.45,2.99000,4.02,M,,Clc1c(Cl)cc(Cl)cc1,1,1.1,,,1.16,NARCOSIS_I_1,1.10
14.10,"2,4-DICHLOROPHENOL",7.75000,120832,163.00,7.75000,3.06,M,,Oc1c(Cl)cc(Cl)cc1,12,2.3,,,1.34,NARCO_I&II_1,12.10
13.00,"2,4-DINITROTOLUENE",24.30000,121142,182.14,24.30000,2.00,,,Cc1c(N(=O)=O)cc(N(=O)=O)cc1,0,4.1,,TYPE III,1.49,REACTIVE_4,7.40
5.00,3-ETHOXY-4-HYDROXYBENZALDEHYDE,87.60000,121324,166.18,87.60000,1.88,,,O=Cc1cc(OCC)c(O)cc1,0,1.8,,,1.12,NARCOSIS_I_3,1.30
5.00,VANILLIN #1,83.80000,121335,152.15,57.00000,1.21,M,,c1(C(=O))cc(OC)c(O)cc1,0,10.9,,,1.96,REACTIVE_3,7.30
5.00,VANILLIN #2,83.80000,121335,152.15,123.00000,1.21,M,,c1(C(=O))cc(OC)c(O)cc1,0,5.1,,,1.00#,REACTIVE_3,7.30
10.50,"N,N-DIMETHYLANILINE #1",64.10000,121697,121.18,78.20000,2.31,M,,CN(C)c1ccccc1,1,0.6,,TYPE I,1.00,NARCOSIS_I_1,1.10
10.50,"N,N-DIMETHYLANILINE #2",64.10000,121697,121.18,52.60000,2.31,M,,CN(C)c1ccccc1,1,0.9,,TYPE I,1.00,NARCOSIS_I_1,1.10
13.10,1-CHLORO-3-NITROBENZENE,18.80000,121733,157.56,18.80000,2.41,M,,Clc1cc(N(=O)=O)ccc1,0,2.6,,,1.00,NARCOSIS_I_3,1.30
22.00,MALATHION,14.10000,121755,330.36,14.10000,2.36,M,,COP(OC)(=S)SC(CC(=O)OCC)C(=O)OCC,0,8.1,ACH,TYPE III,1.23*,ACHE_1,5.10
10.30,2-CHLORO-4-NITROANILINE #2,20.10000,121879,172.57,18.90000,2.17,,,Nc1c(Cl)cc(N(=O)=O)cc1,2,4.7,,TYPE I,1.11,NARCOSIS_II_1,2.10
10.30,2-CHLORO-4-NITROANILINE #1,20.10000,121879,172.57,21.50000,2.17,,,Nc1c(Cl)cc(N(=O)=O)cc1,2,4.2,,TYPE I,1.05,NARCOSIS_II_1,2.10
5.00,P-ISOPROPYL BENZALDEHYDE,6.62000,122032,148.21,6.62000,3.07,,,c1(C=O)ccc(C(C)C)cc1,0,1.8,,,1.17,NARCOSIS_I_3,1.30
10.40,DIPHENYLAMINE,3.79000,122394,169.23,3.79000,3.50,M,,c1ccccc1Nc2ccccc2,0,1.4,,TYPE I,1.0*,NARCOSIS_I_2,1.20
4.00,2-PHENOXYETHANOL,344.00000,122996,138.17,344.00000,1.16,M,,c1ccccc1OCCO,0,1.8,,,1.01,NARCOSIS_I_2,1.20
14.00,4-ETHYLPHENOL,10.40000,123079,122.17,10.40000,2.58,M,,Oc1ccc(CC)cc1,2,2.6,,TYPE III,1.88,MIXED,82.14
5.00,2-METHYLVALERALDEHYDE,18.80000,123159,100.16,18.80000,1.67,,,CC(C=O)CCC,0,8.1,,TYPE II,2.1*,REACTIVE_2,7.20
6.10,"2,4-PENTANEDIONE #2",135.00000,123546,100.12,175.00000,-0.54,,,CC(=O)CC(=O)C,0,103.0,,,1.20*,REACTIVE_3,7.30
6.10,"2,4-PENTANEDIONE #1",135.00000,123546,100.12,104.00000,-0.54,,,CC(=O)CC(=O)C,0,174.0,,,1.91,REACTIVE_3,7.30
8.00,ETHYL HEXANOATE,8.90000,123660,144.21,8.90000,2.79,,,CCCCCC(=O)OCC,0,2.3,,,1.35*,NARCO_ESTER_3,10.30
5.00,BUTANAL #1,14.70000,123728,72.12,16.00000,0.88,M,,CCCC=O,0,37.8,,,1.25,REACTIVE_3,7.30
5.00,BUTANAL #2,14.70000,123728,72.12,13.40000,0.88,M,,CCCC=O,0,45.1,,,1.28,REACTIVE_3,7.30
8.00,BUTYL ACETATE,18.00000,123864,116.16,18.00000,1.73,,,CC(=O)OCCCC,0,8.6,,,1.28,NARCO_ESTER_3,10.30
3.30,"1,4-DIOXANE #1",10300.00000,123911,88.11,9850.00000,-0.27,M,,O1CCOCC1,0,0.9,,,1.14*,NARCOSIS_I_3,1.30
3.30,"1,4-DIOXANE #2",10300.00000,123911,88.11,10800.00000,-0.27,M,,O1CCOCC1,0,0.8,,TYPE II,1.03#,NARCOSIS_I_3,1.30
10.00,DODECYLAMINE,0.10300,124221,185.36,0.10300,5.16,,,CCCCCCCCCCCCN,0,17.8,,TYPE III,1.8,UNSURE_AMINE,0.00
5.00,TETRADECANAL,0.00000,124254,212.42,-99.00000,6.12,,NO MORTALITIES AT SAT. 0.41 MG/L,CCCCCCCCCCCCCC=O,0,0.0,,,NT,EMPTY,0.00
19.00,TRIBUTYL PHOSPHATE #1,9.48000,126738,266.32,11.00000,3.53,,,CCCCOP(=O)(OCCCC)OCCCC,0,0.8,,TYPE I,1.00,NARCOSIS_I_2,1.20
19.00,TRIBUTYL PHOSPHATE #2,9.48000,126738,266.32,8.18000,3.53,,,CCCCOP(=O)(OCCCC)OCCCC,0,1.1,,TYPE I,1.00,NARCOSIS_I_2,1.20
6.10,"5,5-DIMETHYL-1,3-CYCLOHEXANEDIONE",11500.00000,126818,140.08,11500.00000,0.51,,,O=C(CC(=O)C1)CC1(C)C,0,0.2,,,**,NARCOSIS_I_4,1.40
4.00,1-CHLORO-2-PROPANOL,245.00000,127004,94.54,245.00000,0.14,,,ClCC(O)C,0,16.0,,,1.98*,REACTIVE_2,7.20
2.10,TETRACHLOROETHYLENE #1,16.50000,127184,165.83,13.40000,3.40,M,,C(Cl)(Cl)=C(Cl)(Cl),1,0.5,,TYPE II,1.2,NARCOSIS_I_1,1.10
2.10,TETRACHLOROETHYLENE #2,16.50000,127184,165.83,20.30000,3.40,M,,C(Cl)(Cl)=C(Cl)(Cl),1,0.4,,TYPE II,1.2,NARCOSIS_I_1,1.10
4.20,2-PHENYL-3-BUTYN-2-OL,113.00000,127662,146.19,113.00000,1.68,,,CC(c1ccccc1)(O)C#C,0,1.9,,TYPE I,1.00,NARCOSIS_I_2,1.20
14.00,"2,6-DI-TERT-BUTYL-4-METHYLPHENOL",0.36300,128370,220.36,0.36300,6.07,,,Oc1c(C(C)(C)C)cc(C)cc1C(C)(C)C,0,5.6,,,3.06,NARCOSIS_I_3,1.30
16.00,SACCHARIN SODIUM SALT HYDRATE,18300.00000,128449,205.17,18300.00000,0.91,M,,O=C1NS(=O)(=O)c2ccccc21,0,0.1,,,1.06,NARCOSIS_I_3,1.30
3.30,DIBENZOFURAN #2,1.51000,132649,168.20,1.85000,4.12,M,,c1cccc2c3ccccc3Oc12,0,1.5,,TYPE III,1.0*,MIXED,80.33
3.30,DIBENZOFURAN #1,1.51000,132649,168.20,1.78000,4.12,M,,c1cccc2c3ccccc3Oc12,0,1.5,,TYPE III,1.1,MIXED,80.33
3.30,DIBENZOFURAN #3,1.51000,132649,168.20,1.03000,4.12,M,,c1cccc2c3ccccc3Oc12,0,1.6,,TYPE III,ND,MIXED,80.33
8.00,PHENYL 4-AMINOSALICYLATE #1,4.76000,133119,229.24,4.13000,3.15,M,,c1ccccc1OC(=O)c2c(O)cc(N)cc2,0,3.8,,TYPE I,1.12,NARCO_ESTER_2,10.20
8.00,PHENYL 4-AMINOSALICYLATE #2,4.76000,133119,229.24,5.51000,3.15,M,,c1ccccc1OC(=O)c2c(O)cc(N)cc2,0,2.9,,TYPE I,1.00,NARCO_ESTER_2,10.20
8.20,"N,N-DIETHYL-M-TOLUAMIDE",110.00000,134623,191.27,110.00000,2.31,,,CCN(CC)C(=O)c1cccc(C)c1,0,0.7,,,1.03,NARCOSIS_I_3,1.30
7.00,"PROPIONIC ACID, SODIUM SALT",4790.00000,137406,96.06,4790.00000,0.33,M,,CCC(=O)O,0,0.6,,,1.02*,UNSURE,0.00
15.00,1-(2-AMINOETHYL)PIPERAZINE,2190.00000,140318,129.21,2190.00000,-0.68,,,NCCN1CCNCC1,0,14.5,,TYPE I,1.80,UNSURE,0.00
8.00,DIBUTYL SUCCINATE,4.46000,141037,230.36,4.46000,3.54,,,CCCCOC(=O)CCC(=O)OCCCC,0,1.8,,,1.07,NARCO_ESTER_3,10.30
8.00,DIETHYL ADIPATE #1,17.99000,141286,202.25,16.80000,1.71,,,CCOC(=O)CCCCC(=O)OCC,0,16.8,,,1.37,UNSURE,0.00
8.00,DIETHYL ADIPATE #2,17.99000,141286,202.25,19.30000,1.71,,,CCOC(=O)CCCCC(=O)OCC,0,14.6,,,1.20,UNSURE,0.00
10.00,2-AMINOETHANOL,2070.00000,141435,61.08,2070.00000,-1.31,M,,OCCN,0,28.3,,TYPE II,1.23,UNSURE_AMINE,0.00
8.00,ETHYL ACETATE,230.00000,141786,88.11,230.00000,0.73,M,,CC(=O)OCC,0,4.4,,,1.48,NARCO_ESTER_3,10.30
16.00,"2,6-DIMETHYLMORPHOLINE",387.00000,141913,115.18,387.00000,0.32,,,N1CC(C)OC(C)C1,0,8.4,,TYPE II,1.66,NARCOSIS_I_3,1.30
13.00,M-DIETHYLBENZENE,4.15000,141935,134.22,4.15000,4.50,,,CCc1cc(CC)ccc1,0,0.4,,,1.63,NARCOSIS_I_3,1.30
2.00,"1,3-DICHLOROPROPANE #1",111.00000,142289,112.99,131.00000,2.00,M,,ClCCCCl,0,0.6,,,1.0,NARCOSIS_I_2,1.20
2.00,"1,3-DICHLOROPROPANE #2",111.00000,142289,112.99,94.20000,2.00,M,,ClCCCCl,0,0.9,,,1.0,NARCOSIS_I_2,1.20
7.00,HEXANOIC ACID,320.00000,142621,116.16,320.00000,1.92,M,,CCCCCC(=O)O,0,0.3,,,1.70,UNSURE,0.00
8.00,HEXYL ACETATE,4.40000,142927,144.21,4.40000,2.79,,,CC(=O)OCCCCCC,0,4.6,,,1.39,NARCO_ESTER_3,10.30
3.00,BUTYL ETHER,32.30000,142961,130.23,32.30000,3.21,M,,CCCCOCCCC,1,0.4,,,1.00,NARCOSIS_I_1,1.10
4.00,1-NONANOL,5.70000,143088,144.26,5.70000,4.26,M,,CCCCCCCCCO,1,1.0,,,1.05,NARCOSIS_I_1,1.10
10.10,DI-N-HEXYLAMINE,0.78000,143168,185.36,0.78000,4.77,,,CCCCCCNCCCCCC,0,2.6,,,1.00,UNSURE_AMINE,0.00
4.10,CIS-OCTADECEN-1-OL,0.00000,143282,268.48,-99.00000,7.68,,NO MORT.AT SAT. <4000 MG/L,OCCCCCCCCC=CCCCCCCCC,0,0.0,,,NT,EMPTY,0.00
5.00,O-VANILLIN #1,2.40000,148538,152.15,2.60000,1.37,M,,c1(C=O)c(O)c(OC)ccc1,0,170.0,,,1.62,REACTIVE_3,7.30
5.00,O-VANILLIN #2,2.40000,148538,152.15,2.20000,1.37,M,,c1(C=O)c(O)c(OC)ccc1,0,200.0,,,1.91,REACTIVE_3,7.30
14.00,3-METHOXYPHENOL,74.00000,150196,124.14,74.00000,1.58,M,,Oc1cc(OC)ccc1,2,3.1,,,1.14#,NARCOSIS_II_1,2.10
14.00,4-METHOXYPHENOL,110.00000,150765,124.14,110.00000,1.34,M,Nonmonitonical pattern of death,Oc1ccc(OC)cc1,0,3.5,,TYPE III,2.56,NARCOSIS_II_2,2.20
13.00,P-DIMETHOXYBENZENE,117.00000,150787,138.17,117.00000,2.15,,,COc1ccc(OC)cc1,1,0.6,,,1.15*,NARCOSIS_I_1,1.10
3.30,"2,3-BENZOFURAN",14.00000,271896,118.14,14.00000,2.67,M,Nonmonitonical pattern of death,C1=COc2ccccc12,0,1.5,,TYPE III,1.6*NM,REACTIVE_2,7.20
15.00,"1,4-DIAZABICYCLO[2.2.2]OCTANE",1730.00000,280579,112.18,1730.00000,0.69,,,C(CN(C1)C2)N(C1)C2,0,0.8,,TYPE III,1.35,MIXED,80.44
1.00,ADAMANTANE,0.28000,281232,136.24,0.28000,3.98,,,C(CC(CC1CC23)C2)(C1)C3,0,9.1,,TYPE II-EL,1.16*,MIXED,81.34
22.00,DISULFOTON #1,2.73000,298044,274.41,3.98000,4.02,M,,CCOP(OCC)(=S)SCCSCC,0,1.2,,,1.10,ACHE_1,5.10
22.00,DISULFOTON #2,2.73000,298044,274.41,1.90000,4.02,M,,S=P(SCCSCC)(OCC)OCC,0,2.9,,,ND,ACHE_1,5.10
23.00,"SECOBARBITAL, SODIUM SALT",23.60000,309433,260.30,23.60000,1.97,M,,N1C(=O)C(CC=C)(C(C)CCC)C(=O)NC1=O,0,8.8,,TYPE I,1.03,NEURODEP_1,9.10
22.00,BROMACIL,186.00000,314409,261.13,186.00000,2.11,M,,BrC1=C(C)NC(=O)N(C(C)CC)C1=O,0,0.8,,,1.02,NARCOSIS_I_3,1.30
14.00,"2,5-DINITROPHENOL",3.36000,329715,184.11,3.36000,1.75,M,,Oc1c(N(=O)=O)ccc(N(=O)=O)c1,0,70.2,,TYPE II,1.20,REACTIVE_4,7.40
18.00,DIURON,14.20000,330541,233.10,14.20000,2.80,M,,c1c(Cl)c(Cl)ccc1NC(=O)N(C)C,0,2.4,,,1.64,NARCOSIS_I_3,1.30
3.10,P-FLUOROPHENYL ETHER #1,1.13000,330938,206.19,1.20000,4.74,,,c1cc(F)ccc1Oc2ccc(F)cc2,0,1.9,,TYPE III,**,REACTIVE_3,7.30
3.10,P-FLUOROPHENYL ETHER #2,1.13000,330938,206.19,1.06000,4.74,,,c1cc(F)ccc1Oc2ccc(F)cc2,0,2.1,,TYPE III,1.2*,REACTIVE_3,7.30
22.00,DIAZINON,9.35000,333415,304.35,9.35000,3.81,M,,c1c(C)nc(C(C)C)nc1OP(OCC)(=S)OCC,0,0.7,,TYPE III,1.37,ACHE_1,5.10
13.10,1-FLUORO-4-NITROBENZENE,28.40000,350469,141.10,28.40000,1.80,M,,Fc1ccc(N(=O)=O)cc1,0,5.7,,,1.05,NARCOSIS_I_3,1.30
9.00,"A,A,A-TRIFLUORO-M-TOLUNITRILE",47.70000,368774,171.12,47.70000,2.46,,,C(F)(F)(F)c1cc(C#N)ccc1,0,1.0,,,1.18,NARCOSIS_I_3,1.30
10.30,4-FLUOROANILINE,16.90000,371404,111.12,16.90000,1.15,M,,Nc1ccc(F)cc1,0,30.7,,,1.93,REACTIVE_4,7.40
5.00,2-CHLORO-6-FLUOROBENZALDEHYDE,9.41000,387451,158.56,9.41000,2.54,,,c1(C=O)c(Cl)cccc1F,0,4.0,,,1.47,REACTIVE_3,7.30
10.30,"A,A,A-4-TETRAFLUORO-O-TOLUIDINE",29.60000,393395,179.12,29.60000,2.62,,,Nc1c(C(F)(F)F)cc(F)cc1,0,1.2,,TYPE I,1.00,NARCOSIS_I_2,1.20
5.00,O-FLUOROBENZALDEHYDE,1.35000,446526,124.11,1.35000,1.76,,,c1(C=O)c(F)cccc1,0,115.0,,,2.7*,REACTIVE_3,7.30
9.00,"A,A,A-TRIFLUORO-O-TOLUNITRILE",42.20000,447609,171.12,42.20000,2.46,,,c1(C#N)ccccc1C(F)(F)F,0,1.1,,TYPE I,1.32,NARCOSIS_I_2,1.20
5.00,"A,A,A-TRIFLUORO-M-TOLUALDEHYDE #1",0.92400,454897,174.12,0.92000,2.47,M,,c1(C=O)cc(C(F)(F)(F))ccc1,0,52.0,,,2.28,REACTIVE_3,7.30
5.00,"A,A,A-TRIFLUORO-M-TOLUALDEHYDE #2",0.92400,454897,174.12,0.76000,2.47,M,,c1(C=O)cccc(C(F)(F)(F))c1,0,63.0,,,1.80*,REACTIVE_3,7.30
5.00,"A,A,A-TRIFLUORO-M-TOLUALDEHYDE #3",0.92400,454897,174.12,1.13000,2.47,M,,c1(C=O)cccc(C(F)(F)(F))c1,0,42.4,,,**,REACTIVE_3,7.30
10.40,4-FLUORO-N-METHYLANILINE,38.40000,459596,125.15,38.40000,2.09,,,CNc1ccc(F)cc1,0,2.0,,TYPE II,1.37*,NARCO_I&II_3,12.30
6.00,7-TRIDECANONE,0.00000,462180,198.35,-99.00000,5.02,,NO MORTALITIES AT SAT.  0.32 MG/L,CCCCCCC(=O)CCCCCC,0,6.2,,,NT,EMPTY,0.00
4.00,[(1S)-ENDO]-(-)-BORNEOL #2,63.20000,464459,154.25,59.00000,2.58,,,OC(CC1C2)C(C2)(C1(C)C)C,0,0.6,,TYPE II,1.02,MIXED,81.34
4.00,[(1S)-ENDO]-(-)-BORNEOL #1,63.20000,464459,154.25,67.80000,2.58,,,OC(CC1C2)C(C2)(C1(C)C)C,0,0.5,,TYPE II,1.00,MIXED,81.34
6.20,(1S)-(-)-CAMPHOR,17.00000,464482,152.24,17.00000,2.10,,,O=C(CC1C2)C(C2)(C1(C)C)C,0,5.4,,TYPE II,1.05,MIXED,81.34
3.30,CINEOLE,102.00000,470826,154.25,102.00000,2.76,,,C1CC2C(C)(C)OC1(C)CC2,0,0.2,,TYPE II,1.0,NARCOSIS_I_2,1.20
7.00,NEOABIETIC ACID #1,1.49000,471772,302.46,1.71000,6.24,,,C1C(=C(C)(C))C=C2CCC3C(C)(C(=O)O)CCCC3(C)C2C1,0,1.6,,TYPE II,**,UNSURE,0.00
7.00,NEOABIETIC ACID #2,1.49000,471772,302.46,1.30000,6.24,,,C1C(=C(C)(C))C=C2CCC3C(C)(C(=O)O)CCCC3(C)C2C1,0,2.2,,TYPE II,1.30*,UNSURE,0.00
15.60,"2,4,5-TRIPHENYLIMIDAZOLE",0.00000,484479,296.37,-99.00000,6.25,,NO MORTALITIES AT SAT. 13.0 UG/L,N1=C(c2ccccc2)NC(c3ccccc3)=C1c4ccccc4,0,0.0,,,NT,EMPTY,0.00
3.30,"2,3-DIHYDROBENZOFURAN",81.70000,496162,120.15,81.70000,2.14,M,,C1COc2ccccc21,0,0.8,,TYPE I,1.2,NARCOSIS_I_2,1.20
4.00,EXO-NORBORNEOL,228.00000,497370,112.17,228.00000,1.02,,,C1(O)CC2CC1CC2,0,3.0,,,1.58,MIXED,81.34
1.10,NORBORNYLENE,10.00000,498668,94.16,10.00000,2.56,,,C1C2C=CC1CC2,0,2.1,,TYPE III,2.2*,MIXED,80.44
15.30,"2,6-PYRIDINEDICARBOXYLIC ACID",322.00000,499832,167.12,322.00000,0.90,,,n1c(C(=O)O)cccc1C(=O)O,0,4.2,,TYPE II,1.02,MIXED,82.34
15.30,3-PYRIDINECARBOXALDEHYDE,16.40000,500221,107.11,16.40000,0.51,,,n1cc(C=O)ccc1,0,122.0,,TYPE I,1.12*,REACTIVE_3,7.30
6.00,5-NONANONE,31.00000,502567,142.24,31.00000,2.91,,,CCCCC(=O)CCCC,0,0.5,,,1.00,NARCOSIS_I_3,1.30
1.10,"2,3-DIMETHYL-1,3-BUTADIENE",6.91000,513815,82.15,6.91000,2.70,,,C=C(C)C(C)=C,0,2.0,,TYPE III,**,REACTIVE_2,7.20
7.00,ABIETIC ACID,2.38000,514103,302.46,2.38000,6.18,,,O=C(O)C(C(C(C(C(=C1)C=C(C2)C(C)C)C2)(CC3)C)C1)(C3)C,0,1.2,,TYPE II,**,UNSURE,0.00
3.30,FLAVONE,3.50000,525826,222.24,3.50000,3.56,M,,c1ccccc1C1=CC(=O)c2ccccc2O1,0,2.4,,TYPE I,1.04,NARCOSIS_I_2,1.20
14.00,"2,4,6-TRIMETHYLPHENOL",13.00000,527606,136.19,13.00000,3.42,,,Oc1c(C)cc(C)cc1C,0,0.4,,TYPE I,1.09,NARCOSIS_I_2,1.20
9.00,O-TOLUNITRILE,44.70000,529191,117.15,44.70000,2.21,M,,c1(C#N)ccccc1C,0,1.2,,,1.00,NARCOSIS_I_3,1.30
5.00,O-TOLUALDEHYDE,52.90000,529204,120.15,52.90000,2.26,M,,c1(C=O)c(C)cccc1,0,1.0,,,1.09,NARCOSIS_I_3,1.30
7.00,"BENZOIC ACID, SODIUM SALT",484.00000,532321,144.11,484.00000,1.87,M,,c1ccccc1C(=O)O,0,0.3,,,ND,UNSURE,0.00
14.00,"4,6-DINITRO-O-CRESOL #1",1.73000,534521,198.14,1.95000,2.56,,,Oc1c(C)cc(N(=O)=O)cc1N(=O)=O,3,23.1,,,1.42,UNCOUPLER_1,3.10
14.00,"4,6-DINITRO-O-CRESOL #2",1.73000,534521,198.14,1.54000,2.56,,,Oc1c(C)cc(N(=O)=O)cc1N(=O)=O,3,29.3,,,1.27,UNCOUPLER_1,3.10
13.00,AMYLBENZENE,1.71000,538681,148.25,1.71000,4.91,,,c1ccccc1CCCCC,0,0.9,,,2.35,NARCOSIS_I_3,1.30
8.00,tert-BUTYL ACETATE,327.00000,540885,116.16,327.00000,1.38,,,O=C(OC(C)(C)C)C,0,1.0,,,1.03,NARCOSIS_I_3,1.30
13.10,"1,3-DICHLOROBENZENE",8.03000,541731,147.00,8.03000,3.60,M,,Clc1cc(Cl)ccc1,1,0.6,,TYPE III,1.17NM,MIXED,81.14
2.10,"1,3-DICHLOROPROPENE",0.23900,542756,110.97,0.23900,1.60,,,ClCC=CCl,0,821.0,,ID,2.38,REACTIVE_2,7.20
12.10,N-BUTYL SULFIDE,3.58000,544401,146.30,3.58000,4.02,,,CCCCSCCCC,0,0.7,,,1.00*,MIXED,81.34
6.00,2'-HYDROXY-4'-METHOXYACETOPHENONE #1,69.50000,552410,166.18,54.90000,1.98,M,,c1(O)cc(OC)ccc1C(=O)C,0,1.4,,TYPE III,1.18,NARCOSIS_I_3,1.30
6.00,2'-HYDROXY-4'-METHOXYACETOPHENONE #2,69.50000,552410,166.18,87.80000,1.98,M,,c1(O)cc(OC)ccc1C(=O)C,0,0.8,,TYPE III,1.10,NARCOSIS_I_3,1.30
5.00,O-NITROBENZALDEHYDE #2,14.40000,552896,151.12,16.60000,1.74,M,,c1(C=O)c(N(=O)(=O))cccc1,0,11.9,,,1.40,REACTIVE_3,7.30
5.00,O-NITROBENZALDEHYDE #1,14.40000,552896,151.12,12.50000,1.74,M,,c1(C=O)c(N(=O)(=O))cccc1,0,15.8,,,2.06,REACTIVE_3,7.30
5.00,4-NITROBENZALDEHYDE,10.10000,555168,151.12,10.10000,1.50,,,O=Cc1ccc(N(=O)=O)cc1,0,32.8,,TYPE II,**,REACTIVE_2,7.20
6.00,3-METHYL-2-BUTANONE,864.00000,563804,86.13,864.00000,0.56,M,,CC(=O)C(C)C,0,1.6,,,1.49,NARCOSIS_I_3,1.30
14.00,"2,6-DINITROPHENOL",39.70000,573568,184.10,39.70000,1.91,,,Oc1c(N(=O)=O)cccc1N(=O)=O,3,3.4,,TYPE II,1.00,UNCOUPLER_1,3.10
13.10,"1,2-DIBROMOBENZENE",4.05000,583539,235.92,4.05000,3.64,M,,Brc1c(Br)cccc1,0,1.9,,,1.32,NARCOSIS_I_3,1.30
10.40,N-ALLYLANILINE,35.90000,589093,133.19,35.90000,2.16,,,C=CCNc1ccccc1,0,2.0,,,1.00,NARCOSIS_I_3,1.30
10.30,4-ETHYLANILINE,73.00000,589162,121.18,73.00000,1.96,M,,Nc1ccc(CC)cc1,12,1.4,,TYPE I,1.31,NARCO_I&II_1,12.10
5.00,ISOVALERALDEHYDE,3.25000,590863,86.13,3.25000,1.23,,,CC(C)CC=O,0,104.0,,TYPE II,1.22*,REACTIVE_2,7.20
6.00,2-HEXANONE,428.00000,591786,100.16,428.00000,1.38,M,,CCCCC(=O)C,0,0.7,,TYPE I,1.00,NARCOSIS_I_2,1.20
1.10,"2,4-HEXADIENE #1",20.00000,592461,82.15,20.60000,2.96,,,CC=CC=CC,0,0.4,,TYPE II,1.3,NARCOSIS_I_2,1.20
1.10,"2,4-HEXADIENE #2",20.00000,592461,82.15,19.40000,2.96,,,CC=CC=CC,0,0.4,,TYPE II,1.0,NARCOSIS_I_2,1.20
6.00,2-TRIDECANONE,0.36000,593088,198.35,0.36000,5.02,,,CCCCCCCCCCCC(=O)C,0,5.6,,,1.92,NARCOSIS_I_3,1.30
24.00,TETRAPHENYLTIN,0.00000,595904,427.11,-99.00000,-99.99,,NO MORTALITIES AT SAT. 3.07 UG/L,c1ccccc1[Sn](c2ccccc2)(c3ccccc3)c4ccccc4,0,0.0,,,NT,EMPTY,0.00
4.10,MANOOL,0.12000,596850,290.49,0.12000,6.60,,,C=CC(O)(C)CCC1C(=C)CCC2C(C)(C)CCCC21(C),0,22.4,,,1.17,MIXED,80.33
24.00,TETRAETHYLTIN,0.01100,597648,234.94,0.01100,5.78,,,CC[Sn](CC)(CC)CC,0,148.0,,,2.45,UNSURE,0.00
10.00,"1,2-DIMETHYLPROPYLAMINE",284.00000,598743,87.17,284.00000,1.10,,,CC(C)C(C)N,0,1.6,,TYPE I,1.00*,UNSURE_AMINE,0.00
4.00,"2,4-DIMETHYL-3-PENTANOL",163.00000,600362,116.20,163.00000,1.93,,,CC(C)C(O)C(C)C,0,0.6,,TYPE I,1.00,NARCOSIS_I_2,1.20
10.50,TRIPHENYLAMINE,0.00000,603349,245.33,-99.00000,5.74,M,NO MORTALITIES AT SAT. 28.2 UG/L,c1ccccc1N(c2ccccc2)c3ccccc3,0,0.0,,,NT,EMPTY,0.00
8.20,"N,N-DIPHENYLFORMAMIDE #1",30.40000,607001,197.24,26.30000,-99.99,,,c1ccccc1N(c2ccccc2)C(=O),0,0.0,,,1.44,NARCOSIS_I_3,1.30
8.20,"N,N-DIPHENYLFORMAMIDE #2",30.40000,607001,197.24,35.10000,-99.99,,,c1ccccc1N(c2ccccc2)C(=O),0,0.0,,,1.07,NARCOSIS_I_3,1.30
8.00,DIETHYL BENZYLMALONATE,5.43000,607818,250.29,5.43000,2.76,M,,CCOC(=O)C(Cc1ccccc1)C(=O)OCC,0,6.9,,TYPE III,1.26,UNSURE,0.00
14.10,PENTABROMOPHENOL,0.09300,608719,488.62,0.09300,4.69,,,Oc1c(Br)c(Br)c(Br)c(Br)c1Br,0,58.2,,TYPE II-ID,1.08*,UNCOUPLER_2,3.20
14.10,"2,4,6-TRIIODOPHENOL",1.21000,609234,471.80,1.21000,4.80,,,Oc1c(I)cc(I)cc1I,0,3.8,,TYPE II,1.10,NARCOSIS_I_3,1.30
5.00,"2,4-DIMETHOXYBENZALDEHYDE",20.10000,613456,166.18,20.10000,1.91,,,c1(C=O)c(OC)cc(OC)cc1,0,7.5,,,1.87,REACTIVE_3,7.30
18.00,2-ACETAMIDOPHENOL #1,27.00000,614802,151.17,22.10000,0.72,M,,Oc1c(NC(=O)C)cccc1,0,81.0,,,2.19,UNSURE,0.00
18.00,2-ACETAMIDOPHENOL #2,27.00000,614802,151.17,33.00000,0.72,M,,Oc1c(NC(=O)C)cccc1,0,54.2,,,1.76,UNSURE,0.00
10.30,2-CHLORO-4-METHYLANILINE,35.90000,615656,141.60,35.90000,2.58,,,Nc1c(Cl)cc(C)cc1,2,0.9,,,1.42,NARCOSIS_II_1,2.10
10.30,4-ETHOXY-2-NITROANILINE,26.00000,616864,182.18,26.00000,2.47,,,Nc1c(N(=O)=O)cc(OCC)cc1,0,1.9,,TYPE I,1.00,NARCOSIS_I_2,1.20
8.00,METHYL P-NITROBENZOATE,23.80000,619501,181.15,23.80000,2.02,,,c1cc(N(=O)=O)ccc1C(=O)OC,0,5.4,,,1.01,NARCO_ESTER_3,10.30
8.20,4-NITROBENZAMIDE,133.00000,619807,166.14,133.00000,0.82,M,,c1cc(N(=O)=O)ccc1C(=O)N,2,11.9,,,1.09*,NARCOSIS_II_1,2.10
3.10,4-NITROPHENYL PHENYL ETHER,2.65000,620882,215.21,2.65000,4.28,,,c1ccccc1Oc2ccc(N(=O)=O)cc2,0,1.1,,,1.04*,NARCOSIS_I_3,1.30
12.30,BENZYL SULFOXIDE,80.10000,621089,230.30,80.10000,1.96,,,c(ccc1CS(=O)Cc(ccc2)cc2)cc1,0,2.3,,TYPE I,1.11,NARCOSIS_I_2,1.20
18.00,3-ACETAMIDOPHENOL,1130.00000,621421,151.17,1130.00000,0.73,M,,Oc1cc(NC(=O)C)ccc1,0,1.5,,,1.15*,UNSURE,0.00
16.00,4-(2-HYDROXYETHYL)MORPHOLINE,2710.00000,622402,131.18,2710.00000,-0.45,,,OCCN1CCOCC1,0,7.2,,TYPE I,1.41,NARCOSIS_I_2,1.20
13.10,"A,A'-DICHLORO-P-XYLENE",0.03900,623256,175.06,0.03900,3.27,,,ClCc1ccc(CCl)cc1,0,248.0,,,3.59,REACTIVE_4,7.40
13.10,"1,4-DIIODOBENZENE",0.00000,624384,329.91,-99.00000,4.39,,3/5 MORTALITIES AT 1150 UG/L; NO LC50,Ic1ccc(I)cc1,0,0.0,,,NT,EMPTY,0.00
3.30,"2,5-DIMETHYLFURAN",71.10000,625865,96.13,71.10000,2.62,,,O1C(C)=CC=C1C,0,0.2,,TYPE II-EL,1.2,NARCOSIS_I_2,1.20
2.00,"1,5-DICHLOROPENTANE",25.30000,628762,141.04,25.30000,2.76,,,ClCCCCCCl,0,0.8,,,1.13,NARCOSIS_I_2,1.20
2.00,1-BROMOHEPTANE,1.47000,629049,179.11,1.47000,4.36,M,,BrCCCCCCC,0,1.6,,,1.1,NARCOSIS_I_2,1.20
12.20,PROPYL DISULFIDE,2.62000,629196,150.31,2.62000,3.86,,,CCCSSCCC,0,1.2,,TYPE III-EL,1.53,REACTIVE_2,7.20
9.00,"1,6-DICYANOHEXANE",528.00000,629403,136.20,528.00000,0.59,M,,N#CCCCCCCC#N,1,3.7,,,1.00,NARCOSIS_I_3,1.30
10.30,"2,3,4-TRICHLOROANILINE",3.64000,634673,196.46,3.64000,3.33,M,,Nc1c(Cl)c(Cl)c(Cl)cc1,12,2.7,,,1.42,NARCO_I&II_1,12.10
5.00,5-CHLOROSALICYLALDEHYDE,0.77000,635938,156.57,0.77000,3.00,,,c1(C=O)c(O)ccc(Cl)c1,0,18.8,,,1.35,MIXED,80.33
14.00,4-PROPYLPHENOL,11.00000,645567,136.19,11.00000,3.20,M,,Oc1ccc(CCC)cc1,12,0.8,,TYPE III,1.09,MIXED,81.14
5.00,PENTAFLUOROBENZALDEHYDE,1.10000,653372,196.07,1.10000,2.45,,,c1(C(=O))c(F)c(F)c(F)c(F)c1(F),0,51.1,,,2.18,REACTIVE_3,7.30
8.20,"2,2-DICHLOROACETAMIDE",241.00000,683727,127.96,241.00000,0.09,,,C(Cl)(Cl)C(=O)N,0,24.6,,TYPE I,1.69#,REACTIVE_3,7.30
10.00,1-METHYL HEPTYLAMINE #1,5.19000,693163,129.25,5.11000,2.82,,,CCCCCCC(C)N,0,3.4,,TYPE I,1.02,UNSURE_AMINE,0.00
10.00,1-METHYL HEPTYLAMINE #2,5.19000,693163,129.25,5.28000,2.82,,,CCCCCCC(C)N,0,3.2,,TYPE I,1.10,UNSURE_AMINE,0.00
6.00,2-DECANONE #1,4.83000,693549,156.27,5.70000,3.73,M,,CC(=O)CCCCCCCC,0,1.1,,,1.02,NARCOSIS_I_3,1.30
6.00,2-DECANONE #2,4.83000,693549,156.27,4.10000,3.73,M,,CC(=O)CCCCCCCC,0,1.6,,,1.00,NARCOSIS_I_3,1.30
3.00,PENTYL ETHER,3.14000,693652,158.29,3.14000,4.04,,,CCCCCOCCCCC,1,0.9,,,1.10,NARCOSIS_I_1,1.10
16.00,4-METHYLOXAZOLE,1390.00000,693936,83.09,1390.00000,0.49,,,CC1=COC=N1,0,0.4,,TYPE I,1.99,NARCOSIS_I_2,1.20
15.60,2-METHYLIMIDAZOLE,286.00000,693981,82.11,286.00000,0.60,,,CC1=NC=CN1,0,4.4,,TYPE II,1.26,REACTIVE_2,7.20
6.20,2-ADAMANTANONE,60.80000,700583,150.22,60.80000,1.43,,Nonmonitonical pattern of death,O=C(C(CC(C1)CC2C3)C2)C13,0,6.3,,TYPE III,.98,MIXED,81.34
8.00,A-DECANOLACTONE,18.00000,706149,170.25,18.00000,2.72,M,,CCCCCCC1OC(=O)CC1,0,1.5,,TYPE I,1.04,NARCOSIS_I_2,1.20
5.00,"4,6-DIMETHOXY-2-HYDROXYBENZALDEHYDE",2.68000,708769,182.18,2.68000,2.33,,,c1(C=O)c(O)cc(OC)cc1OC,0,25.1,,,1.90,REACTIVE_3,7.30
18.00,PROPANIL,8.60000,709988,218.08,8.60000,3.07,M,,c1c(Cl)c(Cl)ccc1NC(=O)CC,0,2.0,,,1.34,NARCOSIS_I_3,1.30
14.00,"2,4,6-TRI-TERT-BUTYLPHENOL",0.06100,732263,262.44,0.06090,7.40,,,Oc1c(C(C)(C)C)cc(C(C)(C)C)cc1C(C)(C)C,0,39.7,,,1.08*,MIXED,81.34
2.10,"3,4-DICHLORO-1-BUTENE #1",8.18000,760236,125.00,9.33000,1.97,,,C=CC(Cl)C(Cl),0,10.7,,TYPE I,3.0,REACTIVE_2,7.20
2.10,"3,4-DICHLORO-1-BUTENE #2",8.18000,760236,125.00,7.17000,1.97,,,C=CC(Cl)C(Cl),0,13.9,,TYPE I,4.1,REACTIVE_2,7.20
8.20,"N,N-DIBUTYLFORMAMIDE",89.30000,761659,157.26,89.30000,2.14,,,C(=O)N(CCCC)CCCC,0,1.0,,,1.00,NARCOSIS_I_3,1.30
4.20,2-BUTYN-1-OL,10.10000,764012,70.09,10.10000,0.16,,,C(O)C#CC,0,276.0,,TYPE I,1.48,REACTIVE_2,7.20
1.10,"2,5-DIMETHYL-2,4-HEXADIENE",3.78000,764136,110.20,3.78000,3.76,,,CC(C)=CC=C(C)C,0,0.7,,TYPE I,1.2,NARCOSIS_I_2,1.20
10.00,1-ADAMANTANAMINE,25.00000,768945,151.25,25.00000,2.44,M,,C(N)(CC(CC1CC23)C2)(C1)C3,0,1.8,,TYPE II,2.00,MIXED,80.44
15.30,"3-CYANO-4,6-DIMETHYL-2-HYDROXYPYRIDINE",157.00000,769288,148.17,157.00000,2.03,,,n1c(O)c(C#N)c(C)cc1C,0,0.7,,TYPE II-EL,2.11,NARCOSIS_II_3,2.30
10.30,"2,3,4,5,6-PENTAFLUOROANILINE",37.10000,771608,183.08,37.10000,2.22,,,Nc1c(F)c(F)c(F)c(F)c1F,0,2.3,,,1.06,NARCOSIS_I_3,1.30
22.00,CARBOPHENOTHION,0.23700,786196,342.87,0.24000,5.33,M,,Clc(ccc1SCSP(=S)(OCC)OCC)cc1,0,0.0,,,ND,ACHE_1,5.10
19.00,TRIPHENYLPHOSPHINE OXIDE,53.70000,791286,278.29,53.70000,2.83,M,,c1ccccc1P(=O)(c2ccccc2)c3ccccc3,0,0.7,,TYPE II,1.04,NARCOSIS_I_3,1.30
19.00,TRIS(P-DIMETHYLAMINOPHENYL)PHOSPHINE OXIDE,0.00000,807205,407.54,-99.00000,3.48,,NO MORTALITIES AT SAT. 0.31 MG/L,c1cc(N(C)C)ccc1P(=O)(c2ccc(N(C)C)cc2)c3ccc(N(C)C)cc3,0,0.0,,,NT,EMPTY,0.00
8.30,2-HYDROXYETHYL ACRYLATE,4.80000,818611,116.13,4.80000,-0.21,M,,C=CC(=O)OCCO,0,2145.0,,TYPE III,2.50,REACTIVE_2,7.20
4.20,1-OCTYN-3-OL,0.41300,818724,126.20,0.41300,2.05,,,C#CC(O)CCCCC,0,205.0,,TYPE II,1.93,REACTIVE_2,7.20
6.00,2-NONANONE,15.20000,821556,142.24,15.20000,3.14,M,,CCCCCCCC(=O)C,0,1.0,,TYPE I,1.00,NARCOSIS_I_2,1.20
2.00,"TRANS-1,2-DICHLOROCYCLOHEXANE",18.40000,822866,153.05,18.40000,3.18,M,,ClC1CCCCC1Cl,0,0.5,,,1.0,NARCOSIS_I_2,1.20
14.00,P-PHENOXYPHENOL,4.95000,831823,186.21,4.95000,3.75,,,c1ccccc1Oc2ccc(O)cc2,12,0.9,,,1.09,NARCO_I&II_1,12.10
8.30,2-HYDROXYETHYL METHACRYLATE,227.00000,868779,130.14,227.00000,0.47,M,,C=C(C)C(=O)OCCO,0,11.6,,TYPE II,2.00*,NARC_ACRYLATE_3,10.30
17.00,3-BROMOTHIOPHENE,6.19000,872311,163.04,6.19000,2.62,M,,C1(Br)=CSC=C1,0,5.3,,TYPE II,1.86,REACTIVE_2,7.20
5.00,"2,4-DICHLOROBENZALDEHYDE",1.80000,874420,175.01,1.80000,3.11,,,O=Cc1c(Cl)cc(Cl)cc1,0,7.3,,,2.34*,REACTIVE_3,7.30
12.20,PHENYL DISULFIDE,0.11000,882337,218.34,0.11000,4.41,M,,c1ccccc1-SS-c2ccccc2,0,25.4,,TYPE II-EL,2.36,REACTIVE_2,7.20
1.10,"1,4-DIPHENYL-1,3-BUTADIENE",0.00000,886657,206.29,-99.00000,5.04,,NO MORTALITIES AT SAT.13.5UG/L,c(cccc1)(c1)C=CC=Cc(cccc2)c2,0,154.0,,,NT,EMPTY,0.00
8.00,ETHYL 3-AMINOBENZOATE METHANESULFONIC ACID SALT (MS-222),79.00000,886862,261.30,79.00000,1.96,,,c1ccc(N)cc1C(=O)OCC,1,2.7,N-1,TYPE I,1.33,NARCO_ESTER_1,10.10
4.00,"1,1,1,3,3,3-HEXAFLUORO-2-PROPANOL",244.00000,920661,168.04,244.00000,1.66,M,,C(F)(F)(F)C(O)C(F)(F)(F),0,1.2,,TYPE I,1.09,NARCOSIS_I_2,1.20
4.10,"1,5-HEXADIEN-3-OL",38.10000,924414,98.15,38.10000,0.57,,,C=CC(O)CC=C,0,42.2,,TYPE I,1.86,REACTIVE_2,7.20
4.20,3-BUTYN-1-OL,36.10000,927742,70.09,36.10000,-0.50,,,C(O)CC#C,0,322.0,,TYPE I,1.6*,REACTIVE_2,7.20
4.10,CIS-3-HEXEN-1-OL,381.00000,928961,100.16,381.00000,1.34,,,CCC=CCCO,0,0.8,,TYPE I,1.06,NARCOSIS_I_2,1.20
4.10,TRANS-3-HEXEN-1-OL,271.00000,928972,100.16,271.00000,1.34,,,CCC=CCCO,0,1.1,,TYPE I,1.00,NARCOSIS_I_2,1.20
15.60,2-ACETYL-1-METHYLPYRROLE,157.00000,932161,123.16,157.00000,1.02,,,CN1C(C(=O)C)=CC=C1,0,4.8,,,**,REACTIVE_3,7.30
15.30,4-PHENYLPYRIDINE,16.10000,939231,155.20,16.10000,2.59,M,,n1ccc(c2ccccc2)cc1,0,2.1,,TYPE I,1.06,NARCOSIS_I_2,1.20
12.30,PHENYL SULFOXIDE,87.30000,945517,202.30,87.30000,2.06,M,,c(ccc1)c(c1)S(=O)c(ccc2)cc2,0,1.4,,TYPE I,1.00,NARCOSIS_I_2,1.20
3.30,"2,5-DIPHENYLFURAN",0.00000,955839,220.27,-99.00000,5.54,,NO MORTALITIES AT SAT. 0.09 MG/L,c1ccccc1C1=CC=C(c2ccccc2)O1,0,0.0,,,NT,EMPTY,0.00
8.30,2-HYDROXYPROPYL ACRYLATE #1,3.34000,999611,130.16,3.61000,0.35,M,,C=CC(=O)OCC(O)C,0,951.0,,TYPE III,**,REACTIVE_2,7.20
8.30,2-HYDROXYPROPYL ACRYLATE #2,3.34000,999611,130.16,3.10000,0.35,M,,C=CC(=O)OCC(O)C,0,1110.0,,TYPE III,2.4*,REACTIVE_2,7.20
15.30,2-AMINO-5-BROMOPYRIDINE,177.00000,1072975,173.02,177.00000,1.39,,,n1c(N)ccc(Br)c1,0,2.7,,TYPE III,1.12,NARCOSIS_II_2,2.20
19.00,DIETHYL BENZYLPHOSPHONATE,336.00000,1080326,228.23,336.00000,1.59,,,CCOP(=O)(Cc1ccccc1)OCC,0,1.6,,TYPE I,1.02,NARCOSIS_I_2,1.20
8.20,DODECANAMIDE,0.00000,1120167,199.34,-99.00000,4.06,,NO MORT. AT SAT. 0.90 MG/L,CCCCCCCCCCCC(=O)N,0,0.0,,,NT,EMPTY,0.00
15.30,4-ACETYLPYRIDINE,168.00000,1122549,121.14,168.00000,0.48,M,,n1ccc(C(=O)C)cc1,2,14.4,,TYPE III,1.59,NARCOSIS_II_1,2.10
8.00,METHYL P-CHLOROBENZOATE,11.00000,1126461,170.60,11.00000,2.90,,,c1cc(Cl)ccc1C(=O)OC,1,1.8,,,1.34,NARCO_ESTER_1,10.10
3.00,BUTYL PHENYL ETHER,5.77000,1126790,150.22,5.77000,3.65,,,CCCCOc1ccccc1,0,0.8,,TYPE I,1.15,NARCOSIS_I_2,1.20
9.00,METHYL 4-CYANOBENZOATE,46.80000,1129357,161.16,46.80000,1.72,,,c1cc(C#N)ccc1C(=O)OC,0,4.7,,,1.32,NARCOSIS_I_3,1.30
14.10,TETRACHLOROCATECHOL,1.27000,1198556,247.89,1.27000,4.29,M,,Oc1c(O)c(Cl)c(Cl)c(Cl)c1Cl,0,2.7,,TYPE II,1.38,UNCOUPLER_2,3.20
6.00,"A-BROMO-2',5'-DIMETHOXYACETOPHENONE #1",0.06600,1204213,259.10,0.08700,2.39,,,c1c(C(=O)CBr)c(OC)ccc1OC,0,970.0,,,1.01,REACTIVE_3,7.30
6.00,"A-BROMO-2',5'-DIMETHOXYACETOPHENONE #2",0.06600,1204213,259.10,0.05300,2.39,,,c1c(C(=O)CBr)c(OC)ccc1OC,0,1590.0,,,1.00,REACTIVE_3,7.30
6.00,"A-BROMO-2',5'-DIMETHOXYACETOPHENONE #3",0.06600,1204213,259.10,0.06400,2.39,,,c1c(C(=O)CBr)c(OC)ccc1OC,0,1320.0,,,1.00,REACTIVE_3,7.30
24.00,TETRABUTYLTIN,0.04520,1461252,347.15,0.04520,10.00,,,CCCC[Sn](CCCC)(CCCC)CCCC,0,51.0,,,2.12,UNSURE,0.00
4.20,"3,4-DIMETHYL-1-PENTYN-3-OL",205.00000,1482151,112.17,205.00000,1.26,,,C#CC(C)(O)C(C)C,0,2.0,,TYPE II,1.33,NARCOSIS_I_2,1.20
15.60,N-VINYLCARBAZOLE,0.00320,1484135,193.25,0.00320,-99.99,,,c(ccc1c2cc3)cc1N(c2cc3)C=C,0,660.0,,TYPE II,1.86#,REACTIVE_2,7.20
10.30,3-BENZYLOXYANILINE,9.14000,1484260,199.25,9.14000,2.79,,,c1c(N)cccc1OCc2ccccc2,0,3.1,,,1.09,NARCOSIS_II_3,2.30
21.00,CARBOFURAN,0.84400,1563662,221.26,0.84400,2.32,M,,CC1(C)Oc2c(OC(=O)NC)cccc2C1,0,72.0,,,1.16,ACHE_1,5.10
3.00,TERT-BUTYL METHYL ETHER,672.00000,1634044,88.15,672.00000,0.94,M,,CC(C)(C)OC,0,0.8,,,1.21,NARCOSIS_I_3,1.30
1.10,"1,9-DECADIENE",0.29000,1647161,138.25,0.29000,4.90,,,C=CCCCCCCC=C,0,4.9,,TYPE III-EL,1.3,REACTIVE_2,7.20
14.00,P-PHENYLAZOPHENOL,1.17000,1689823,198.23,1.17000,3.18,,,c1cc(O)ccc1N=Nc2ccccc2,3,11.1,,,1.01#,UNCOUPLER_1,3.10
9.00,"3,5-DIIODO-4-HYDROXYBENZONITRILE",6.80000,1689834,370.91,6.80000,3.51,,,c1c(I)c(O)c(I)cc1C#N,0,2.0,,ID,1.00,NARCOSIS_I_3,1.30
9.00,"3,5-DIBROMO-4-HYDROXYBENZONITRILE #1",12.60000,1689845,276.93,11.50000,2.99,,,c1c(Br)c(O)c(Br)cc1C#N,0,2.3,,ID,1.00,UNSURE,0.00
9.00,"3,5-DIBROMO-4-HYDROXYBENZONITRILE #2",12.60000,1689845,276.93,13.80000,2.99,,,c1c(Br)c(O)c(Br)cc1C#N,0,1.9,,ID,1.00,UNSURE,0.00
7.00,DEHYDROABIETIC ACID,2.10000,1740198,300.44,2.10000,6.50,,,OC(=O)C1(C)CCCC2(C)c3ccc(C(C)C)cc3CCC21,0,1.3,,,1.2,UNSURE,0.00
14.00,2-ALLYLPHENOL,15.00000,1745819,134.18,15.00000,2.64,,,C=CCc1ccccc1O,0,1.7,,,2.48,MIXED,81.34
13.00,T-BUTYLSTYRENE,0.49000,1746232,160.26,0.49000,4.84,,"CHEMICAL= 95% PARA, 5% META",C=Cc1ccc(C(C)(C)C)cc1,0,3.4,,TYPE III,1.25#,REACTIVE_2,7.20
5.00,5-BROMOSALICYLALDEHYDE,1.30000,1761611,201.02,1.30000,3.15,,,c1(C=O)c(O)ccc(Br)c1,0,10.7,,,1.54,MIXED,80.33
2.10,3-CHLORO-2-CHLOROMETHYL-1-PROPENE,0.19000,1871574,125.00,0.19000,1.56,,,C=C(CCl)C(Cl),0,1270.0,,TYPE II,1.8*,REACTIVE_2,7.20
9.00,"3,5-DICHLORO-4-HYDROXYBENZONITRILE",24.30000,1891958,188.01,24.30000,2.69,,,c1c(Cl)c(O)c(Cl)cc1C#N,0,1.3,,ID,1.02,NARCOSIS_I_3,1.30
8.10,DI-N-BUTYLTEREPHTHALATE,0.59000,1962750,278.38,0.59000,5.53,M,,CCCCOC(=O)c1ccc(C(=O)OCCCC)cc1,0,4.4,,TYPE I-ID,**,NARCOSIS_I_3,1.30
3.10,"4,4'-DIHYDROXYDIPHENYL ETHER #1",5.78000,1965099,202.21,5.22000,3.18,,,c1cc(O)ccc1Oc2ccc(O)cc2,0,2.5,,TYPE II,1.1,NARCO_I&II_2,12.20
3.10,"4,4'-DIHYDROXYDIPHENYL ETHER #2",5.78000,1965099,202.21,6.39000,3.18,,,c1cc(O)ccc1Oc2ccc(O)cc2,0,2.1,,TYPE II,1.1,NARCO_I&II_2,12.20
8.20,"2,6-DICHLOROBENZAMIDE",469.00000,2008584,190.03,469.00000,1.25,M,,c1(Cl)cccc(Cl)c1C(=O)N,0,1.5,,TYPE I-EL,1.00,NARCOSIS_I_2,1.20
10.00,N-DECYLAMINE,1.03000,2016571,157.30,1.03000,4.10,,,CCCCCCCCCCN,0,2.5,,,1.00,UNSURE_AMINE,0.00
21.00,AMINOCARB,1.95000,2032599,208.26,1.95000,2.16,,,CNC(=O)Oc1cc(C)c(N(C)C)cc1,0,50.0,,,1.15*,ACHE_1,5.10
15.60,"2,4,5-TRIBROMOIMIDAZOLE (NOMINAL) #1",6.12000,2034222,304.78,7.96000,1.96,M,,N1=C(Br)NC(Br)=C1Br,0,52.8,,,1.00,REACTIVE_3,7.30
15.60,"2,4,5-TRIBROMOIMIDAZOLE #2",6.12000,2034222,304.78,4.70000,1.96,M,,N1=C(Br)NC(Br)=C1Br,0,31.2,,,1.38,REACTIVE_3,7.30
22.00,O-ETHYL O-(P-NITROPHENYL PHENYL)PHOSPHONOTHIOATE,0.07900,2104645,323.31,0.07860,3.85,M,,CCOP(=S)(Oc1ccc(cc1)N(=O)=O)c2ccccc2,0,89.4,,,2.66,ACHE_1,5.10
4.20,(+-)-4-PENTYN-2-OL,35.10000,2117115,84.12,35.10000,-0.08,,,OC(C)CC#C,0,160.0,,TYPE II,1.74,REACTIVE_2,7.20
14.10,4-CHLOROCATECHOL,1.58000,2138229,144.56,1.58000,1.97,,,Oc1c(O)cc(Cl)cc1,0,72.9,,TYPE II,2.22,REACTIVE_4,7.40
8.00,"METHYL 2,4-DIHYDROXYBENZOATE",45.80000,2150472,168.15,45.80000,2.22,,,c1(O)cc(O)ccc1C(=O)OC,0,1.7,,,1.08,NARCO_ESTER_3,10.30
8.30,LAURYL ACRYLATE,0.00000,2156970,240.39,-99.00000,6.57,,NO MORT. AT SAT. 4.3 MG/L,C=CC(=O)OCCCCCCCCCCCC,0,0.5,,,NT,EMPTY,0.00
15.30,PENTACHLOROPYRIDINE,0.47000,2176627,251.33,0.47000,4.34,,,n1c(Cl)c(Cl)c(Cl)c(Cl)c1Cl,3,7.2,,TYPE III,2.55,UNCOUPLER_1,3.10
4.00,"(1R,2S,5R)-(-)-MENTHOL",18.90000,2216515,156.27,18.90000,3.23,,,C1C(C)CC(O)C(C(C)(C))C1,0,0.5,,TYPE I,1.00,NARCOSIS_I_2,1.20
15.60,1-(p-TOLUENESULFONYL)IMIDAZOLE,41.80000,2232088,222.27,41.80000,-99.99,,,C1=CN=CN1S(=O)(=O)c2ccc(C)cc2,0,21.0,,ID,1.07,MIXED,80.33
6.00,"2',4'-DICHLOROACETOPHENONE",11.70000,2234164,189.04,11.70000,2.84,,,c1c(C(=O)C)c(Cl)cc(Cl)c1,1,2.1,,,1.03,NARCOSIS_I_1,1.10
9.00,N-OCTYL CYANIDE #1,5.25000,2243278,139.24,4.91000,3.12,M,,CCCCCCCCC#N,1,1.4,,,1.02,NARCOSIS_I_1,1.10
9.00,N-OCTYL CYANIDE #2,5.25000,2243278,139.24,5.61000,3.12,M,,CCCCCCCCC#N,1,1.3,,,1.43,NARCOSIS_I_1,1.10
10.30,"A,A,A-4-TETRAFLUORO-M-TOLUIDINE",30.10000,2357473,179.12,30.10000,2.62,,,Nc1cc(C(F)(F)F)c(F)cc1,0,1.2,,,1.21,NARCOSIS_I_2,1.20
4.00,TRANS-2-PHENYL-1-CYCLOHEXANOL,44.40000,2362610,176.26,44.40000,2.82,,,C1(c2ccccc2)CCCCC1O,0,0.5,,TYPE I,1.00,NARCOSIS_I_2,1.20
8.30,2-ETHOXYETHYL METHACRYLATE,27.70000,2370630,158.20,27.70000,1.40,,,C=C(C)C(=O)OCCOCC,0,15.6,,TYPE I,2.37,NARC_ACRYLATE_2,10.20
14.00,"2,3,6-TRIMETHYLPHENOL",8.20000,2416946,136.19,8.20000,3.42,,,Oc1c(C)c(C)ccc1C,0,0.7,,,1.56,NARCOSIS_I_3,1.30
9.00,N-UNDECYL CYANIDE,0.43000,2437254,181.32,0.43000,4.90,,,CCCCCCCCCCCC#N,0,4.4,,,4.16,NARCOSIS_I_3,1.30
8.20,0-METHOXYBENZAMIDE,120.00000,2439772,151.17,120.00000,0.87,M,,c1(OC)ccccc1C(=O)N,0,10.8,,TYPE III,1.08*,REACTIVE_3,7.30
8.20,"2,4-DICHLOROBENZAMIDE",95.60000,2447792,190.03,95.60000,1.82,,,c1(Cl)cc(Cl)ccc1C(=O)N,0,2.2,,,**,REACTIVE_4,7.40
8.30,TETRAHYDROFURFURYL METHACRYLATE,34.70000,2455245,170.21,34.70000,1.30,,,C=C(C)C(=O)OCC1OCCC1,0,16.5,,TYPE I,**,NARC_ACRYLATE_2,10.20
14.10,"4,5-DICHLOROGUAIACOL",4.47000,2460493,193.03,4.47000,3.26,M,,Oc1c(OC)cc(Cl)c(Cl)c1,0,2.4,,,1.10,NARCOSIS_I_3,1.30
8.30,BENZYL METHACRYLATE,4.67000,2495376,176.23,4.67000,2.82,,,C=C(C)C(=O)OCc1ccccc1,0,5.0,,TYPE I,1.59,NARC_ACRYLATE_2,10.20
8.30,HEXYL ACRYLATE #1,1.12000,2499958,156.25,1.09000,3.39,,,C=CC(=O)OCCCCCC,0,6.4,,TYPE II,1.72*,MIXED,87.34
8.30,HEXYL ACRYLATE #2,1.12000,2499958,156.20,1.14000,3.39,,,C=CC(=O)OCCCCCC,0,6.1,,TYPE II,1.74*,MIXED,87.34
21.00,P-(TERT-BUTYL)-PHENYL-N-METHYLCARBAMATE,10.00000,2626837,207.27,10.00000,3.06,M,,CC(C)(C)c1ccc(OC(=O)NC)cc1,0,1.7,,,1.43,REACTIVE_3,7.30
15.30,2-(2-AMINOETHYL)PYRIDINE,0.00000,2706561,122.17,-99.00000,-0.03,,NO MORTALITIES AT SAT. 208 MG/L,n1c(CCN)cccc1,0,0.0,,,NT,EMPTY,0.00
15.00,1-BENZYLPIPERAZINE,47.40000,2759286,176.26,47.40000,1.76,,,c1ccccc1CN2CCNCC2,0,4.6,,TYPE II,1.57,UNSURE,0.00
15.30,3-(3-PYRIDYL)-1-PROPANOL,150.00000,2859678,137.18,150.00000,0.60,M,,n(ccc1)cc1CCCO,0,14.0,,,2.13*,NARCOSIS_II_3,2.30
10.00,TRIDECYLAMINE,0.06500,2869343,199.38,0.06540,5.68,,,CCCCCCCCCCCCCN,0,28.9,,TYPE III,2.3,UNSURE_AMINE,0.00
6.00,2-AMINO-4'-CHLOROBENZOPHENONE,2.12000,2894511,231.68,2.12000,3.95,,,c1cccc(N)c1C(=O)c2ccc(Cl)cc2,0,2.1,,TYPE I,1.16,NARCOSIS_I_2,1.20
8.00,"METHYL 2,5-DICHLOROBENZOATE",14.00000,2905693,205.04,14.00000,3.37,,,c1(Cl)ccc(Cl)cc1C(=O)OC,0,0.7,,,1.04,NARCO_ESTER_3,10.30
22.00,CHLORPYRIFOS #2 (DURSBAN),0.31800,2921882,350.59,0.50600,4.96,M,,CCOP(OCC)(=S)Oc1nc(Cl)c(Cl)cc1Cl,0,7.1,,,ND,ACHE_1,5.10
22.00,CHLORPYRIFOS #1 (DURSBAN),0.31800,2921882,350.59,0.20000,4.96,M,,CCOP(OCC)(=S)Oc1nc(Cl)c(Cl)cc1Cl,0,17.9,,,1.60,ACHE_1,5.10
5.00,5-BROMOVANILLIN,59.70000,2973764,231.04,59.70000,2.09,,,c1(OC)cc(C=O)cc(Br)c1O,0,2.4,,,1.15#,REACTIVE_3,7.30
8.30,CYCLOHEXYL ACRYLATE,1.48000,3066715,154.23,1.48000,2.78,,,C=CC(=O)OC1CCCCC1,0,15.0,,TYPE II,1.67*,REACTIVE_2,7.20
12.30,4-CHLOROPHENYL SULFOXIDE,0.00000,3085425,271.17,-99.00000,3.52,,NO MORTALITIES AT SAT.(2.22 MG/L),S(c1ccc(Cl)cc1)(=O)c2ccc(Cl)cc2,0,0.0,,,NT,EMPTY,0.00
21.00,TRIETHYL NITRILOTRICARBOXYLATE,13.30000,3206313,233.22,13.30000,-99.99,,,CCOC(=O)N(C(=O)OCC)C(=O)OCC,0,0.0,,TYPE II,3.18,UNSURE,0.00
14.10,"4,5-DICHLOROCATECHOL",0.89000,3428248,179.00,0.89000,2.90,,,Oc1c(O)cc(Cl)c(Cl)c1,0,22.7,,TYPE II,1.38,REACTIVE_4,7.40
10.30,"2,3,5,6-TETRACHLOROANILINE",0.27000,3481207,230.91,0.27000,4.10,M,,Nc1c(Cl)c(Cl)cc(Cl)c1Cl,3,14.0,,,1.56*,UNCOUPLER_1,3.10
15.30,"2,6-DIPHENYLPYRIDINE",0.21000,3558698,231.30,0.21000,4.82,M,,n1c(c2ccccc2)cccc1c3ccccc3,0,11.7,,,2.05,NARCOSIS_I_3,1.30
13.10,"1,3-DICHLORO-4,6-DINITROBENZENE #1",0.04560,3698837,237.00,0.05200,2.49,,,Clc1cc(Cl)c(N(=O)=O)cc1N(=O)=O,0,1202.0,,,1.77,REACTIVE_3,7.30
13.10,"1,3-DICHLORO-4,6-DINITROBENZENE #2",0.04560,3698837,237.00,0.04000,2.49,,,Clc1cc(Cl)c(N(=O)=O)cc1N(=O)=O,0,1563.0,,,1.96*,REACTIVE_3,7.30
12.20,"2,4,5-TRICHLOROPHENYL DISULFIDE",0.00000,3808875,425.01,-99.00000,8.72,,NO MORTALITIES AT SAT. .0040 MG/L,c1(Cl)cc(Cl)c(Cl)cc1-SS-c2c(Cl)cc(Cl)c(Cl)c2,0,0.0,,,NT,EMPTY,0.00
19.00,"TRIS(3,4-DIMETHYLPHENYL) PHOSPHATE",0.00000,3862111,410.42,-99.00000,8.53,,NO MORTALITIES AT SAT. 3.8 UG/L,c1c(C)c(C)ccc1OP(=O)(Oc2cc(C)c(C)cc2)Oc3cc(C)c(C)cc3,0,0.0,,,NT,EMPTY,0.00
5.00,"2,3-DIMETHYLVALERALDEHYDE",16.00000,3944761,114.19,16.00000,2.07,,,CCC(C)C(C)C=O,0,4.6,,TYPE I,1.10#,REACTIVE_3,7.30
4.20,2-DECYN-1-OL,1.07000,4117140,154.25,1.07000,3.33,,,C(O)C#CCCCCCCC,0,7.1,,TYPE I,1.38,MIXED,81.23
15.30,5-CHLORO-2-PYRIDINOL,1140.00000,4214793,129.55,1140.00000,1.78,,,n1c(O)ccc(Cl)c1,0,0.1,,TYPE III,1.00,UNSURE,0.00
12.20,ISOPROPYL DISULFIDE,8.31000,4253898,150.31,8.31000,3.42,,,CC(C)SSC(C)C,0,0.8,,TYPE I,1.00#,NARCOSIS_I_2,1.20
5.00,"2,4,5-TRIMETHOXYBENZALDEHYDE",49.50000,4460860,196.20,49.50000,1.38,,,c1(C=O)c(OC)cc(OC)c(OC)c1,0,11.3,,,1.60,REACTIVE_3,7.30
8.30,ISOPROPYL METHACRYLATE,38.00000,4655349,128.17,38.00000,2.25,M,,C=C(C)C(=O)OC(C)C,0,1.5,,TYPE I-EL,1.18*,NARC_ACRYLATE_2,10.20
4.10,1-HEXEN-3-OL,30.40000,4798441,100.16,30.40000,1.12,,,C=CC(O)CCC,0,16.4,,ID,1.34,REACTIVE_2,7.20
14.10,"2,3,4,5-TETRACHLOROPHENOL",0.41000,4901513,231.89,0.41000,4.21,M,,Oc1c(Cl)c(Cl)c(Cl)c(Cl)c1,0,5.2,,,1.08,NARCOSIS_I_3,1.30
15.30,"1,2-BIS(4-PYRIDYL)ETHANE",151.00000,4916578,184.24,151.00000,1.93,,,c1cnccc1CCc2ccncc2,0,1.0,,TYPE I-ID,1.04,NARCOSIS_I_3,1.30
23.00,"1,3-DIETHYL-2-THIOBARBITURIC ACID",4510.00000,5217470,200.26,4510.00000,-99.99,,,C1C(=O)N(CC)C(=S)N(CC)C1=O,0,0.0,,TYPE I-EL,1.18,NEURODEP_1,9.10
8.10,DIMETHYL NITROTEREPHTHALATE,6.52000,5292455,239.18,6.52000,1.92,,,COC(=O)c1ccc(C(=O)OC)cc1N(=O)=O,0,32.5,,TYPE I,1.09,NARCO_ESTER_4,10.40
16.00,5-CHLORO-2-MERCAPTOBENZOTHIAZOLE,3.21000,5331919,201.70,3.21000,3.61,,,c1cc(Cl)cc2N=C(S)S-c12,0,1.9,,,1.12,NARCOSIS_I_3,1.30
8.10,DIMETHYL AMINOTEREPHTHALATE,8.94000,5372816,209.20,8.94000,2.45,,,COC(=O)c1ccc(C(=O)OC)cc1(N),0,6.7,,TYPE I,1.25,NARCOSIS_I_3,1.30
12.10,"3,6-DITHIAOCTANE",60.20000,5395755,150.30,60.20000,2.46,,,CCSCCSCC,0,0.7,,TYPE I,1.00,NARCOSIS_I_2,1.20
10.20,3-DIMETHYLAMINOPROPYL CHLORIDE.HCL,133.00000,5407045,158.07,133.00000,0.66,,,CN(C)CCCCl,0,16.0,,TYPE I,1.00,UNSURE_AMINE,0.00
6.00,4'-CHLORO-3'-NITROACETOPHENONE,5.50000,5465656,199.60,5.50000,1.96,,,c1c(C(=O)C)cc(N(=O)(=O))c(Cl)c1,0,29.6,,,2.22,REACTIVE_4,7.40
15.20,2-AMINO-4-CHLORO-6-METHYLPYRIMIDINE #1,141.00000,5600215,143.58,147.00000,1.13,,,Cc1cc(Cl)nc(N)n1,0,10.6,,TYPE I,1.04,NARCOSIS_I_2,1.20
15.20,2-AMINO-4-CHLORO-6-METHYLPYRIMIDINE #2,141.00000,5600215,143.58,136.00000,0.76,,,NC1NC(Cl)CC(C)N1,0,11.5,,TYPE I,1.10,NARCOSIS_I_2,1.20
13.00,"2,6-DIMETHOXYTOLUENE",20.20000,5673074,152.19,20.20000,2.80,,,Cc1c(OC)cccc1OC,1,1.0,,,1.00,NARCOSIS_I_1,1.10
15.30,2-DIMETHYLAMINOPYRIDINE,127.00000,5683330,122.17,127.00000,1.43,M,,n1c(N(C)C)cccc1,0,2.4,,TYPE I,1.00,NARCOSIS_I_2,1.20
10.00,"2,2-DIMETHYL-1-PROPYLAMINE",475.00000,5813649,87.17,475.00000,1.19,,,CC(C)(C)CN,0,0.8,,TYPE I,1.13,UNSURE_AMINE,0.00
7.00,ISOPIMARIC ACID,0.87000,5835267,302.46,0.87000,6.24,,,C1(C)(C=C)CCC2C3(C)CCCC(C(=O)O)(C)C3CC=C2C1,0,3.2,,TYPE III,1.70,UNSURE,0.00
9.00,2-AMINO-5-CHLOROBENZONITRILE,28.60000,5922601,152.58,28.60000,1.91,,,c1(N)ccc(Cl)cc1C#N,0,4.8,,,**,NARCOSIS_I_3,1.30
4.00,"1,1,1-TRICHLORO-2-METHYL-2-PROPANOL(HYDRATE)",135.00000,6001645,177.46,135.00000,2.03,M,,C(Cl)(Cl)(Cl)C(C)(O)C,0,0.9,,TYPE I,1.00,NARCOSIS_I_2,1.20
6.00,2-DODECANONE,1.18000,6175491,184.32,1.18000,4.49,,,CCCCCCCCCCC(=O)C,0,1.9,,TYPE I,1.19,NARCOSIS_I_2,1.20
5.00,4-DIMETHYLAMINOCINNAMALDEHYDE,5.90000,6203185,175.23,5.90000,-99.99,,,c1c(C=CC=O)ccc(N(C)C)c1,0,0.0,,TYPE II,1.33,REACTIVE_2,7.20
20.00,1-(CARBOXYMETHYL)PYRIDINIUM CHLORIDE,162.00000,6266235,173.60,162.00000,-99.99,,,c1ccccn{+1}1(.Cl{-1})CC(=O)O,0,0.0,,TYPE I,1.03#,UNSURE,0.00
13.10,"1,3,5-TRICHLORO-2,4-DINITROBENZENE",0.22200,6284839,271.44,0.22200,2.65,,,Clc1c(N(=O)=O)c(Cl)c(N(=O)=O)c(Cl)c1,0,230.0,,,2.98,REACTIVE_3,7.30
5.00,2-CHLORO-5-NITROBENZALDEHYDE #1,3.87000,6361213,185.57,3.80000,2.28,,,Clc(ccc1N(=O)=O)c(c1)C=O,0,20.1,,,1.68,REACTIVE_3,7.30
5.00,2-CHLORO-5-NITROBENZALDEHYDE #2,3.87000,6361213,185.57,3.95000,2.28,,,Clc(ccc1N(=O)=O)c(c1)C=O,0,19.3,,,2.99,REACTIVE_3,7.30
9.00,2-CHLORO-6-METHYLBENZONITRILE,15.10000,6575093,151.60,15.10000,2.94,,,N#Cc1c(Cl)cccc1C,0,1.0,,,**,MIXED,81.34
15.30,2-BROMO-3-PYRIDINOL,469.00000,6602320,174.00,469.00000,1.65,,,n1c(Br)c(O)ccc1,0,0.6,,ID-PHPROB-EL,1.33*,NARCOSIS_II_3,2.30
15.30,2-CHLORO-3-PYRIDINOL,622.00000,6636788,129.55,622.00000,1.50,,,n1c(Cl)c(O)ccc1,0,0.4,,ID-EL,1.01#,NARCOSIS_II_3,2.30
10.20,TRIPROPARGYLAMINE,296.00000,6921295,131.18,296.00000,1.26,M,,C#CCN(CC#C)CC#C,0,1.5,,TYPE I,1.00,NARCOSIS_I_2,1.20
10.20,"N,N-BIS(2,2-DIETHOXYETHYL)METHYLAMINE #1",635.00000,6948863,263.38,637.00000,1.15,,,CCOC(OCC)CN(C)CC(OCC)OCC,0,1.1,,TYPE I,1.00,NARCOSIS_I_2,1.20
10.20,"N,N-BIS(2,2-DIETHOXYETHYL)METHYLAMINE #2",635.00000,6948863,263.38,634.00000,1.15,,,CCOC(OCC)CN(C)CC(OCC)OCC,0,1.2,,TYPE I,1.00,NARCOSIS_I_2,1.20
15.00,"1,4-BIS(3-AMINOPROPYL)PIPERAZINE",3100.00000,7209383,200.33,3100.00000,-0.90,,,NCCCN1CCN(CCCN)CC1,0,25.5,,TYPE I,1.06#,UNSURE,0.00
4.10,"3-HYDROXY-3,7,11-TRIMETHYL-1,6,10-DODECATRIENE",1.43000,7212444,222.37,1.43000,4.40,,,OC(C=C)(C)CCC=C(C)CCC=C(C)C,0,2.0,,TYPE I,1.27,NARCOSIS_I_2,1.20
15.50,1-(2-CHLOROETHYL)PYRROLIDINE.HCL,153.00000,7250671,170.08,153.00000,1.43,,,ClCCN1CCCC1,0,2.8,,TYPE I,1.02,NARCOSIS_I_2,1.20
10.00,N-UNDECYLAMINE,0.21000,7307553,171.33,0.21000,4.63,,,CCCCCCCCCCCN,0,9.3,,TYPE II,1.76,UNSURE_AMINE,0.00
4.20,1-HEPTYN-3-OL,1.76000,7383199,112.17,1.76000,1.52,,,C#CC(O)CCCC,0,134.0,,TYPE III,1.43,REACTIVE_2,7.20
22.00,DEMETON,16.00000,8065483,258.34,16.00000,2.20,,MIXTURE;LOGP/SMILES USED 'O' DEMETON,CCOP(=O)(OCC)SCCSCC,0,7.9,,,1.16,ACHE_1,5.10
5.00,P-ETHOXYBENZALDEHYDE,28.10000,10031820,150.18,28.10000,2.31,,,c1(C=O)ccc(OCC)cc1,0,2.1,,,1.40*,REACTIVE_3,7.30
6.20,[1(R)-ENDO]-(+)-3-BROMOCAMPHOR,68.50000,10293068,231.14,68.50000,2.99,,,O=C(C(C(C1C2)(C)C)(C2)C)C1Br,0,0.3,,TYPE III,1.00,MIXED,81.34
22.00,RESMETHRIN,0.00600,10453868,338.45,0.00616,6.18,,,CC(C)=CC1C(C)(C)C1C(=O)OCC2=COC(Cc3ccccc3)=C2,0,523.0,,TYPE III,2.33*,NEUROTOX_1,8.10
22.00,TERBUFOS (COUNTER),0.01330,13071799,288.40,0.01330,4.48,M,,CCOP(=S)(OCC)SCSC(C)(C)C,0,272.0,,,1.08,ACHE_1,5.10
13.10,"A,A,A',A'-TETRABROMO-O-XYLENE",0.43700,13209159,421.77,0.43700,5.17,,,BrC(Br)c1c(C(Br)Br)cccc1,0,9.5,,,1.11#,REACTIVE_4,7.40
6.00,"2',3',4'-TRICHLOROACETOPHENONE",2.00000,13608872,223.49,2.00000,3.57,,,c1c(C(=O)C)c(Cl)c(Cl)c(Cl)c1,0,3.7,,,1.90#,NARCOSIS_I_3,1.30
6.00,"2',3',4'-TRIMETHOXYACETOPHENONE #2",199.00000,13909734,210.23,229.00000,1.12,M,,c1(OC)c(OC)c(OC)ccc1C(=O)C,0,3.7,,TYPE I,1.90*,NARCOSIS_I_2,1.20
6.00,"2',3',4'-TRIMETHOXYACETOPHENONE #1",199.00000,13909734,210.23,172.00000,1.12,M,,c1(OC)c(OC)c(OC)ccc1C(=O)C,0,6.1,,TYPE I,1.03,NARCOSIS_I_2,1.20
8.00,DIETHYL CHLOROMALONATE,0.95000,14064109,194.61,0.95000,2.59,,,CCOC(=O)C(Cl)C(=O)OCC,0,43.8,,,1.86,UNSURE,0.00
10.10,N-ETHYLBENZYLAMINE,57.10000,14321278,135.21,57.10000,2.04,,,CCNCc1ccccc1,0,1.6,,TYPE I,1.12,UNSURE_AMINE,0.00
20.00,2-CHLORO-1-METHYL-PYRIDINIUM IODIDE,199.00000,14338320,255.49,199.00000,-99.99,,,c1cccc(Cl)n{+1}1(.I{-1})C,0,0.0,,TYPE II,1.62,UNSURE,0.00
15.30,4-BROMOPHENYL 3-PYRIDYL KETONE,20.40000,14548459,262.11,20.40000,2.97,,,c1cc(Br)ccc1C(=O)c2cccnc2,0,1.3,,TYPE I,1.15,NARCOSIS_I_2,1.20
15.30,4-BENZOYLPYRIDINE,103.00000,14548460,183.21,103.00000,1.98,M,,c1ccccc1C(=O)c2ccncc2,0,1.4,,TYPE III,1.00,NARCOSIS_I_3,1.30
3.30,"2,2,5,5-TETRAMETHYLTETRAHYDROFURAN",168.00000,15045439,128.22,168.00000,2.40,,,CC1(C)CCC(C)(C)O1,0,0.2,,TYPE II,1.0,NARCOSIS_I_2,1.20
15.30,3-HYDROXY-2-NITROPYRIDINE,167.00000,15128822,140.10,167.00000,1.01,,,n1c(N(=O)=O)c(O)ccc1,0,5.3,,TYPE I,1.31,NARCOSIS_I_2,1.20
18.00,ALACHLOR,5.00000,15972608,269.80,5.00000,3.52,M,,c1(CC)cccc(CC)c1N(COC)C(=O)CCl,0,1.9,,,1.98,NARCOSIS_I_3,1.30
10.30,4-OCTYLANILINE,0.12000,16245797,205.35,0.12000,5.27,,,Nc1ccc(CCCCCCCC)cc1,0,16.6,,TYPE I,1.58*,NARCOSIS_I_4,1.40
21.00,METHOMYL (LANNATE),2.11000,16752775,162.21,2.11000,0.60,M,,CSC(C)=NOC(=O)NC,0,1180.0,,,1.25,ACHE_1,5.10
15.30,6-CHLORO-2-PYRIDINOL,214.00000,16879020,129.55,214.00000,1.78,,,n1c(O)cccc1Cl,2,0.7,,TYPE I-ID,1.18*,NARCOSIS_II_1,2.10
15.40,"3-AMINO-5,6-DIMETHYL-1,2,4-TRIAZINE",952.00000,17584122,124.15,952.00000,-0.21,,,Nc1nnc(C)c(C)n1,0,11.5,,TYPE I,1.41*,NARCOSIS_II_3,2.30
3.10,"4-BROMO-2',4'-DINITRODIPHENYL ETHER",0.00000,17589661,339.09,-99.00000,4.79,,NO MORTALITIES AT SAT. 0.21 MG/L,c1cc(N(=O)=O)cc(N(=O)=O)c1Oc2ccc(Br)cc2,0,0.0,,,NT,EMPTY,0.00
5.00,4-(DIETHYLAMINO)SALICYLALDEHYDE,5.36000,17754904,193.25,5.36000,3.34,,,O=Cc1ccc(N(CC)CC)cc1O,1,1.8,,TYPE I,1.28,NARCOSIS_I_2,1.20
15.30,6-CHLORO-2-PICOLINE,232.00000,18368633,127.57,232.00000,2.09,,,n1c(C)cccc1Cl,0,0.3,,TYPE III,1.07,UNSURE,0.00
4.20,"3,6-DIMETHYL-1-HEPTYN-3-OL",49.00000,19549985,140.23,49.00000,2.32,,,C#CC(C)(O)CCC(C)C,0,1.1,,TYPE I,1.00,NARCOSIS_I_2,1.20
16.00,"2,4,5-TRIMETHYLOXAZOLE",449.00000,20662844,111.14,449.00000,1.79,,,CC1=C(C)OC(C)=N1,0,0.1,,TYPE I,1.00,NARCOSIS_I_2,1.20
6.00,4-DIMETHYLAMINO-3-METHYL-2-BUTANONE,8.50000,22104627,129.20,8.50000,0.22,,,CC(=O)C(C)CN(C)C,0,530.0,,,1.53,UNSURE,0.00
3.10,4-CHLORO-M-TOLYL-P-NITROPHENYL ETHER,0.00000,22532725,264.69,-99.00000,5.72,,NO MORTALITIES AT SAT. 0.059 MG/L,c1cc(N(=O)=O)ccc1Oc2cc(C)c(Cl)cc2,0,0.0,,,NT,EMPTY,0.00
8.20,M-BROMOBENZAMIDE,92.70000,22726007,200.04,92.70000,1.65,M,,c1ccc(Br)cc1C(=O)N,1,3.4,,TYPE I,1.03,NARCOSIS_I_1,1.10
21.00,OXAMYL #1,6.78000,23135220,219.30,8.30000,-0.47,,,CN(C)C(=O)C(SC)=NOC(=O)NC,0,4130.0,,,1.07*,ACHE_1,5.10
21.00,OXAMYL #2,6.78000,23135220,219.29,5.44000,-0.47,S,,CN(C)C(=O)C(SC)=NOC(=O)NC,0,0.0,,,ND,ACHE_1,5.10
10.30,"2,6-DIISOPROPYLANILINE #1",15.30000,24544045,177.32,14.20000,3.18,M,,Nc1c(C(C)C)cccc1C(C)C,1,0.2,,TYPE I,1.00,NARCOSIS_I_1,1.10
10.30,"2,6-DIISOPROPYLANILINE #2",15.30000,24544045,177.32,16.50000,3.18,M,,Nc1c(C(C)C)cccc1C(C)C,1,0.2,,TYPE I,1.04,NARCOSIS_I_1,1.10
11.10,SODIUM AZIDE (NOMINAL CONC.),5.46000,26628228,65.01,5.46000,-99.99,,,N=N{+1}=N{-1},4,0.0,,TYPE I,2.11,BLOCK_1,6.10
20.00,PHENYLTRIMETHYLAMMONIUM METHOSULFATE,248.00000,28001583,247.32,248.00000,-99.99,,,c1ccccc1N{+1}(.C{-1}S(O)(O)(O)O)(C)(C)C,0,0.0,,TYPE III,1.17,UNSURE,0.00
13.10,OCTACHLOROSTYRENE,0.00000,29082744,379.68,-99.00000,7.94,,NO MORTALITIES AT SAT. 4.35 UG/L,ClC(Cl)=C(Cl)c1c(Cl)c(Cl)c(Cl)c(Cl)c1Cl,0,0.0,,,NT,EMPTY,0.00
4.00,"2-METHYL-3,3,4,4-TETRAFLUORO-2-BUTANOL",582.00000,29553262,160.11,582.00000,1.03,,,CC(C)(O)C(F)(F)C(F)F,0,1.7,,TYPE I,1.00,NARCOSIS_I_2,1.20
13.10,CHLOROMETHYL STYRENE,0.31000,30030252,152.62,0.31000,3.43,,"CHEMICAL= 40% PARA, 60% META",C=Cc1ccc(CCl)cc1,0,20.4,,TYPE III,1.61*,REACTIVE_2,7.20
10.00,(+-)-SEC-BUTYLAMINE,275.00000,33966506,73.14,275.00000,0.70,,,CCC(N)C,0,3.3,,TYPE II,**,UNSURE_AMINE,0.00
10.10,"N-(3-METHOXYPROPYL)-3,4,5-TRIMETHOXYBENZYLAMINE",136.00000,34274049,269.34,136.00000,0.09,,,COCCCNCc1cc(OC)c(OC)c(OC)c1,0,91.7,,TYPE I,1.02,MIXED,80.44
3.30,2-(BROMOMETHYL)TETRAHYDRO-2H-PYRAN,205.00000,34723825,179.06,205.00000,1.61,,,BrCC1OCCCC1,0,1.5,,TYPE I,1.8,NARCOSIS_I_2,1.20
10.30,4-DECYLANILINE,0.06200,37529309,233.40,0.06200,6.32,,,Nc1ccc(CCCCCCCCCC)cc1,0,34.9,,,**,NARCOSIS_I_4,1.40
10.30,4-HEXYLOXYANILINE #1  (NOMINAL CONC.),3.01000,39905572,193.29,2.80000,3.66,,,Nc1ccc(OCCCCCC)cc1,1,2.0,,TYPE I,1.21,NARCOSIS_I_1,1.10
10.30,4-HEXYLOXYANILINE #2,3.01000,39905572,193.29,3.23000,3.66,,,Nc1ccc(OCCCCCC)cc1,1,1.7,,TYPE I,1.00,NARCOSIS_I_1,1.10
8.00,METHYL 4-CHLORO-2-NITROBENZOATE,27.70000,42087809,215.60,27.70000,2.49,,,c1(N(=O)=O)cc(Cl)ccc1C(=O)OC,0,2.0,,,1.08,NARCO_ESTER_3,10.30
5.00,5-HYDROXY-2-NITROBENZALDEHYDE,41.90000,42454068,167.12,41.90000,1.65,,,c1(C=O)c(N(=O)=O)ccc(O)c1,0,6.3,,,1.04,MIXED,80.33
22.00,FENVALERATE #1 (PYDRIN),0.00150,51630581,419.93,0.00510,6.20,M,,c1cc(Cl)ccc1C(C(C)C)C(=O)OC(C#N)c2cccc(Oc3ccccc3)c2,0,765.0,,TYPE III,,NEUROTOX_1,8.10
22.00,FENVALERATE #2 (PYDRIN),0.00150,51630581,419.93,0.00042,6.20,M,,c1cc(Cl)ccc1C(C(C)C)C(=O)OC(C#N)c2cccc(Oc3ccccc3)c2,0,9280.0,,TYPE III,1.67,NEUROTOX_1,8.10
22.00,PERMETHRIN,0.01600,52645531,391.30,0.01600,6.50,M,,c1ccc(Oc2ccccc2)cc1COC(=O)C3C(C)(C)C3C=C(Cl)Cl,0,226.0,,,2.14,NEUROTOX_1,8.10
12.10,"3,8-DITHIADECANE",6.06000,54576328,178.35,6.06000,3.11,,,CCSCCCCSCC,0,2.2,,TYPE I,1.83,NARCOSIS_I_3,1.30
18.00,2'-(OCTYLOXY)-ACETANILIDE,0.45000,55792615,263.38,0.45000,4.41,,,CCCCCCCCOc1ccccc1NC(=O)C,0,7.5,,TYPE I,1.49,NARCOSIS_I_3,1.30
8.20,P-(TERT-BUTYL)BENZAMIDE,31.90000,56108124,177.25,31.90000,2.51,M,,c1cc(C(C)(C)(C))ccc1C(=O)N,1,1.4,,TYPE I,1.00,NARCOSIS_I_1,1.10
12.10,"2,9-DITHIADECANE",10.10000,56348404,178.35,10.10000,3.11,,,CSCCCCCCSC,0,1.3,,TYPE III,1.04,MIXED,81.34
4.20,DL-3-BUTYN-2-OL,11.70000,65337135,70.09,11.70000,-0.06,,,CC(O)C#C,0,383.0,,TYPE I,1.12,REACTIVE_2,7.20
19.00,"TRIS(2,3-DIMETHYLPHENYL) PHOSPHATE",0.00000,65695978,410.42,-99.00000,8.53,,NO MORTALITIES AT SAT. 14 UG/L,c1(C)c(C)cccc1OP(=O)(Oc2c(C)c(C)ccc2)Oc3c(C)c(C)ccc3,0,0.0,,,NT,EMPTY,0.00
15.30,1-BENZYLPYRIDINIUM 3-SULFONATE,2410.00000,69723940,249.29,2410.00000,-99.99,,,c1ccccc1Cn{+1}2cccc(S(=O)(=O)O{-1})c2,0,0.0,,CONFLICT,1.39,MIXED,80.44
5.00,3-(4-TERT-BUTYLPHENOXY)BENZALDEHYDE,0.37000,69770236,254.33,0.37000,5.93,,,c1cc(C(C)(C)C)ccc1Oc2cccc(C=O)c2,0,6.4,,TYPE I,**,NARCOSIS_I_2,1.20
22.00,FLUCYTHRINATE,0.00019,70124775,451.40,0.00019,6.20,M,,CC(C)C(C(=O)OC(C#N)c2cccc(Oc1ccccc1)c2)c3ccc(OC(F)F)cc3,0,0.0,,,1.74,NEUROTOX_1,8.10
19.00,"TRIS(2,6-DICHLOROPHENYL) PHOSPHATE",0.00000,75431491,532.92,-99.00000,9.19,,NO MORTALITIES AT SAT. 6.0 UG/L,Clc1cccc(Cl)c1OP(=O)(Oc2c(Cl)cccc2Cl)Oc3c(Cl)cccc3Cl,0,0.0,,,NT,EMPTY,0.00
5.00,"3-(3,4-DICHLOROPHENOXY)BENZALDEHYDE",0.30000,79124768,267.11,0.30000,5.49,,,c1c(C=O)cccc1Oc2cc(Cl)c(Cl)cc2,0,8.5,,ID,1.23,NARCOSIS_I_2,1.20
14.00,"2,4-DINITRO-1-NAPHTHOL SODIUM SALT (MARTIUS YELLOW)",4.24000,101836924,292.18,4.24000,3.09,,,Oc1c(N(=O)=O)cc(N(=O)=O)c2ccccc12,3,5.3,UNC,TYPE II,1.00,UNCOUPLER_1,3.10
